,City,Lat,Lng,Max Temp,Humidity,Cloudiness,Wind Speed,Date
0,New York City,40.7143,-74.006,13.75,65,53,8.93,2021-11-13 21:00:00
1,New York City,40.7143,-74.006,8.11,47,75,4.57,2021-11-14 21:00:00
2,New York City,40.7143,-74.006,8.3,50,81,7.36,2021-11-15 21:00:00
3,New York City,40.7143,-74.006,9.22,41,9,5.66,2021-11-16 21:00:00
4,New York City,40.7143,-74.006,12.69,64,100,2.45,2021-11-17 21:00:00
5,Los Angeles,34.0522,-118.2437,30.18,18,1,1.91,2021-11-13 21:00:00
6,Los Angeles,34.0522,-118.2437,30.08,13,0,2.64,2021-11-14 21:00:00
7,Los Angeles,34.0522,-118.2437,28.04,17,6,2.41,2021-11-15 21:00:00
8,Los Angeles,34.0522,-118.2437,23.08,33,100,3.15,2021-11-16 21:00:00
9,Los Angeles,34.0522,-118.2437,22.96,39,5,2.49,2021-11-17 21:00:00
10,Chicago,41.85,-87.65,4.24,62,92,5.36,2021-11-13 21:00:00
11,Chicago,41.85,-87.65,2.31,90,100,9.19,2021-11-14 21:00:00
12,Chicago,41.85,-87.65,3.61,46,100,3.67,2021-11-15 21:00:00
13,Chicago,41.85,-87.65,11.47,69,51,3.81,2021-11-16 21:00:00
14,Chicago,41.85,-87.65,13.43,93,100,2.47,2021-11-17 21:00:00
15,Houston,29.7633,-95.3633,20.23,31,8,3.73,2021-11-13 21:00:00
16,Houston,29.7633,-95.3633,23.84,43,4,2.69,2021-11-14 21:00:00
17,Houston,29.7633,-95.3633,26.69,45,22,4.29,2021-11-15 21:00:00
18,Houston,29.7633,-95.3633,26.59,45,0,6.12,2021-11-16 21:00:00
19,Houston,29.7633,-95.3633,25.05,56,82,4.65,2021-11-17 21:00:00
20,Phoenix,33.4484,-112.074,28.12,19,13,0.2,2021-11-13 21:00:00
21,Phoenix,33.4484,-112.074,28.35,11,0,1.05,2021-11-14 21:00:00
22,Phoenix,33.4484,-112.074,28.32,11,0,0.48,2021-11-15 21:00:00
23,Phoenix,33.4484,-112.074,26.97,12,100,1.24,2021-11-16 21:00:00
24,Phoenix,33.4484,-112.074,25.51,15,79,1.31,2021-11-17 21:00:00
25,Philadelphia,39.9523,-75.1638,12.33,67,84,6.45,2021-11-13 21:00:00
26,Philadelphia,39.9523,-75.1638,8.32,44,59,3.63,2021-11-14 21:00:00
27,Philadelphia,39.9523,-75.1638,7.81,54,82,6.2,2021-11-15 21:00:00
28,Philadelphia,39.9523,-75.1638,8.47,40,7,3.77,2021-11-16 21:00:00
29,Philadelphia,39.9523,-75.1638,12.33,54,88,1.73,2021-11-17 21:00:00
30,San Antonio,29.4241,-98.4936,21.13,24,1,2.34,2021-11-13 21:00:00
31,San Antonio,29.4241,-98.4936,25.76,43,15,3.1,2021-11-14 21:00:00
32,San Antonio,29.4241,-98.4936,27.74,43,0,5.05,2021-11-15 21:00:00
33,San Antonio,29.4241,-98.4936,27.91,36,0,6.79,2021-11-16 21:00:00
34,San Antonio,29.4241,-98.4936,27.86,39,99,5.99,2021-11-17 21:00:00
35,San Diego,32.7153,-117.1573,26.55,33,13,2.2,2021-11-13 21:00:00
36,San Diego,32.7153,-117.1573,25.46,34,0,3.92,2021-11-14 21:00:00
37,San Diego,32.7153,-117.1573,24.22,37,0,2.81,2021-11-15 21:00:00
38,San Diego,32.7153,-117.1573,20.79,53,100,2.87,2021-11-16 21:00:00
39,San Diego,32.7153,-117.1573,19.85,65,93,3.28,2021-11-17 21:00:00
40,Dallas,32.7668,-96.7836,17.15,28,1,1.89,2021-11-13 21:00:00
41,Dallas,32.7668,-96.7836,21.18,34,21,1.21,2021-11-14 21:00:00
42,Dallas,32.7668,-96.7836,26.02,42,3,4.19,2021-11-15 21:00:00
43,Dallas,32.7668,-96.7836,26.47,45,0,7.59,2021-11-16 21:00:00
44,Dallas,32.7668,-96.7836,27.51,40,0,6.35,2021-11-17 21:00:00
45,Austin,30.2672,-97.7431,20.35,27,50,1.5,2021-11-13 21:00:00
46,Austin,30.2672,-97.7431,24.76,42,29,4.35,2021-11-14 21:00:00
47,Austin,30.2672,-97.7431,26.81,47,5,5.45,2021-11-15 21:00:00
48,Austin,30.2672,-97.7431,26.94,41,0,7.24,2021-11-16 21:00:00
49,Austin,30.2672,-97.7431,27.42,42,55,6.5,2021-11-17 21:00:00
50,San Jose,37.3394,-121.895,24.06,59,7,1.94,2021-11-13 21:00:00
51,San Jose,37.3394,-121.895,25.54,29,42,1.17,2021-11-14 21:00:00
52,San Jose,37.3394,-121.895,23.87,36,100,1.41,2021-11-15 21:00:00
53,San Jose,37.3394,-121.895,19.86,45,0,2.26,2021-11-16 21:00:00
54,San Jose,37.3394,-121.895,21.17,41,88,0.39,2021-11-17 21:00:00
55,Fort Worth,32.7254,-97.3208,18.8,27,1,3.14,2021-11-13 21:00:00
56,Fort Worth,32.7254,-97.3208,21.88,32,25,1.8,2021-11-14 21:00:00
57,Fort Worth,32.7254,-97.3208,27.27,32,3,4.8,2021-11-15 21:00:00
58,Fort Worth,32.7254,-97.3208,27.52,39,0,8.83,2021-11-16 21:00:00
59,Fort Worth,32.7254,-97.3208,27.98,35,0,7.02,2021-11-17 21:00:00
60,Jacksonville,30.3322,-81.6556,21.73,65,82,2.51,2021-11-13 21:00:00
61,Jacksonville,30.3322,-81.6556,19.24,26,0,3.36,2021-11-14 21:00:00
62,Jacksonville,30.3322,-81.6556,21.31,25,0,2.62,2021-11-15 21:00:00
63,Jacksonville,30.3322,-81.6556,21.02,32,0,2.84,2021-11-16 21:00:00
64,Jacksonville,30.3322,-81.6556,23.58,54,60,4.01,2021-11-17 21:00:00
65,Columbus,39.9612,-82.9988,5.25,69,93,5.68,2021-11-13 21:00:00
66,Columbus,39.9612,-82.9988,2.07,97,100,5.36,2021-11-14 21:00:00
67,Columbus,39.9612,-82.9988,3.86,57,64,4.03,2021-11-15 21:00:00
68,Columbus,39.9612,-82.9988,11.46,64,69,2.8,2021-11-16 21:00:00
69,Columbus,39.9612,-82.9988,18.47,64,71,6.27,2021-11-17 21:00:00
70,Charlotte,35.2271,-80.8431,16.52,41,15,3.31,2021-11-13 21:00:00
71,Charlotte,35.2271,-80.8431,14.72,32,0,4.37,2021-11-14 21:00:00
72,Charlotte,35.2271,-80.8431,12.87,22,15,2.57,2021-11-15 21:00:00
73,Charlotte,35.2271,-80.8431,17.02,32,0,2.44,2021-11-16 21:00:00
74,Charlotte,35.2271,-80.8431,20.83,35,0,3.33,2021-11-17 21:00:00
75,Indianapolis,39.7684,-86.158,4.05,68,93,5.09,2021-11-13 21:00:00
76,Indianapolis,39.7684,-86.158,2.41,73,92,7.58,2021-11-14 21:00:00
77,Indianapolis,39.7684,-86.158,4.93,50,96,3.13,2021-11-15 21:00:00
78,Indianapolis,39.7684,-86.158,14.36,72,38,3.74,2021-11-16 21:00:00
79,Indianapolis,39.7684,-86.158,18.78,67,100,7.13,2021-11-17 21:00:00
80,San Francisco,37.7749,-122.4194,19.15,70,14,2.55,2021-11-13 21:00:00
81,San Francisco,37.7749,-122.4194,19.13,53,80,2.93,2021-11-14 21:00:00
82,San Francisco,37.7749,-122.4194,17.89,64,100,1.67,2021-11-15 21:00:00
83,San Francisco,37.7749,-122.4194,15.59,71,0,1.91,2021-11-16 21:00:00
84,San Francisco,37.7749,-122.4194,17.26,43,87,1.22,2021-11-17 21:00:00
85,Seattle,47.6062,-122.3321,9.84,90,83,1.67,2021-11-13 21:00:00
86,Seattle,47.6062,-122.3321,14.94,93,100,6.39,2021-11-14 21:00:00
87,Seattle,47.6062,-122.3321,11.93,85,100,4.43,2021-11-15 21:00:00
88,Seattle,47.6062,-122.3321,9.08,63,42,1.22,2021-11-16 21:00:00
89,Seattle,47.6062,-122.3321,7.11,60,100,2.78,2021-11-17 21:00:00
90,Denver,39.7392,-104.9847,18.41,22,100,3.6,2021-11-13 21:00:00
91,Denver,39.7392,-104.9847,19.13,21,89,3.72,2021-11-14 21:00:00
92,Denver,39.7392,-104.9847,20.38,18,37,0.17,2021-11-15 21:00:00
93,Denver,39.7392,-104.9847,20.61,11,100,1.51,2021-11-16 21:00:00
94,Denver,39.7392,-104.9847,4.43,50,93,2.34,2021-11-17 21:00:00
95,Washington,47.5001,-120.5015,8.56,62,74,1.91,2021-11-13 21:00:00
96,Washington,47.5001,-120.5015,14.67,79,100,3.14,2021-11-14 21:00:00
97,Washington,47.5001,-120.5015,13.74,68,100,4.58,2021-11-15 21:00:00
98,Washington,47.5001,-120.5015,7.76,37,21,2.88,2021-11-16 21:00:00
99,Washington,47.5001,-120.5015,4.01,55,100,1.52,2021-11-17 21:00:00
100,Boston,42.3584,-71.0598,14.4,54,25,5.33,2021-11-13 21:00:00
101,Boston,42.3584,-71.0598,8.52,51,100,2.66,2021-11-14 21:00:00
102,Boston,42.3584,-71.0598,7.73,56,81,5.04,2021-11-15 21:00:00
103,Boston,42.3584,-71.0598,6.77,54,34,5.14,2021-11-16 21:00:00
104,Boston,42.3584,-71.0598,8.61,53,90,2.79,2021-11-17 21:00:00
105,El Paso,31.8001,-106.2005,20.29,23,13,1.97,2021-11-13 21:00:00
106,El Paso,31.8001,-106.2005,22.11,14,0,2.44,2021-11-14 21:00:00
107,El Paso,31.8001,-106.2005,23.84,10,0,4.34,2021-11-15 21:00:00
108,El Paso,31.8001,-106.2005,24.74,13,0,7.48,2021-11-16 21:00:00
109,El Paso,31.8001,-106.2005,21.66,12,88,5.58,2021-11-17 21:00:00
110,Nashville,36.1659,-86.7844,8.4,48,52,3.11,2021-11-13 21:00:00
111,Nashville,36.1659,-86.7844,13.22,50,76,4.84,2021-11-14 21:00:00
112,Nashville,36.1659,-86.7844,11.69,34,25,2.29,2021-11-15 21:00:00
113,Nashville,36.1659,-86.7844,19.64,68,28,4.36,2021-11-16 21:00:00
114,Nashville,36.1659,-86.7844,20.76,59,0,5.31,2021-11-17 21:00:00
115,Oklahoma City,35.4676,-97.5164,16.67,29,39,7.09,2021-11-13 21:00:00
116,Oklahoma City,35.4676,-97.5164,16.67,33,91,2.89,2021-11-14 21:00:00
117,Oklahoma City,35.4676,-97.5164,22.1,37,0,5.51,2021-11-15 21:00:00
118,Oklahoma City,35.4676,-97.5164,26.02,40,7,10.56,2021-11-16 21:00:00
119,Oklahoma City,35.4676,-97.5164,17.81,43,48,8.49,2021-11-17 21:00:00
120,Las Vegas,36.175,-115.1372,25.45,24,16,1.04,2021-11-13 21:00:00
121,Las Vegas,36.175,-115.1372,25.77,15,11,0.88,2021-11-14 21:00:00
122,Las Vegas,36.175,-115.1372,25.5,14,48,1.23,2021-11-15 21:00:00
123,Las Vegas,36.175,-115.1372,22.59,15,100,0.41,2021-11-16 21:00:00
124,Las Vegas,36.175,-115.1372,21.79,22,41,2.8,2021-11-17 21:00:00
125,Detroit,42.3314,-83.0458,5.03,77,93,5.55,2021-11-13 21:00:00
126,Detroit,42.3314,-83.0458,2.46,97,100,3.57,2021-11-14 21:00:00
127,Detroit,42.3314,-83.0458,4.94,51,83,4.25,2021-11-15 21:00:00
128,Detroit,42.3314,-83.0458,6.2,70,98,3.14,2021-11-16 21:00:00
129,Detroit,42.3314,-83.0458,15.8,79,100,6.03,2021-11-17 21:00:00
130,Portland,45.5234,-122.6762,13.48,91,90,0.44,2021-11-13 21:00:00
131,Portland,45.5234,-122.6762,16.48,83,100,4.74,2021-11-14 21:00:00
132,Portland,45.5234,-122.6762,14.26,92,100,7.36,2021-11-15 21:00:00
133,Portland,45.5234,-122.6762,8.86,71,83,1.28,2021-11-16 21:00:00
134,Portland,45.5234,-122.6762,8.04,66,100,2.78,2021-11-17 21:00:00
135,Memphis,35.1495,-90.049,9.18,44,3,3.31,2021-11-13 21:00:00
136,Memphis,35.1495,-90.049,15.43,40,89,4.58,2021-11-14 21:00:00
137,Memphis,35.1495,-90.049,16.78,33,2,4.28,2021-11-15 21:00:00
138,Memphis,35.1495,-90.049,23.06,55,6,6.13,2021-11-16 21:00:00
139,Memphis,35.1495,-90.049,23.94,48,1,7.85,2021-11-17 21:00:00
140,Louisville,38.2542,-85.7594,5.66,62,92,3.73,2021-11-13 21:00:00
141,Louisville,38.2542,-85.7594,8.78,67,87,7.16,2021-11-14 21:00:00
142,Louisville,38.2542,-85.7594,8.32,38,87,2.77,2021-11-15 21:00:00
143,Louisville,38.2542,-85.7594,15.09,75,90,3.5,2021-11-16 21:00:00
144,Louisville,38.2542,-85.7594,19.91,63,10,5.99,2021-11-17 21:00:00
145,Milwaukee,43.0006,-87.9668,3.7,60,81,5.25,2021-11-13 21:00:00
146,Milwaukee,43.0006,-87.9668,1.74,81,100,7.46,2021-11-14 21:00:00
147,Milwaukee,43.0006,-87.9668,2.18,62,100,2.89,2021-11-15 21:00:00
148,Milwaukee,43.0006,-87.9668,7.99,79,75,5.34,2021-11-16 21:00:00
149,Milwaukee,43.0006,-87.9668,9.45,70,100,2.74,2021-11-17 21:00:00
150,Baltimore,39.2904,-76.6122,9.4,71,53,6.5,2021-11-13 21:00:00
151,Baltimore,39.2904,-76.6122,9.35,45,68,4.75,2021-11-14 21:00:00
152,Baltimore,39.2904,-76.6122,7.9,47,28,7.61,2021-11-15 21:00:00
153,Baltimore,39.2904,-76.6122,10.0,51,13,2.68,2021-11-16 21:00:00
154,Baltimore,39.2904,-76.6122,14.38,58,19,2.11,2021-11-17 21:00:00
155,Albuquerque,35.0845,-106.6511,18.76,28,3,3.45,2021-11-13 21:00:00
156,Albuquerque,35.0845,-106.6511,19.88,17,0,4.41,2021-11-14 21:00:00
157,Albuquerque,35.0845,-106.6511,20.2,14,53,1.96,2021-11-15 21:00:00
158,Albuquerque,35.0845,-106.6511,19.72,11,100,2.43,2021-11-16 21:00:00
159,Albuquerque,35.0845,-106.6511,17.04,19,0,3.69,2021-11-17 21:00:00
160,Tucson,32.2217,-110.9265,28.23,14,1,1.67,2021-11-13 21:00:00
161,Tucson,32.2217,-110.9265,27.85,10,0,0.65,2021-11-14 21:00:00
162,Tucson,32.2217,-110.9265,28.21,10,0,1.65,2021-11-15 21:00:00
163,Tucson,32.2217,-110.9265,26.46,12,65,2.08,2021-11-16 21:00:00
164,Tucson,32.2217,-110.9265,23.09,15,100,0.93,2021-11-17 21:00:00
165,Mesa,33.4223,-111.8226,28.36,19,1,0.59,2021-11-13 21:00:00
166,Mesa,33.4223,-111.8226,28.42,12,0,0.78,2021-11-14 21:00:00
167,Mesa,33.4223,-111.8226,28.48,11,0,0.84,2021-11-15 21:00:00
168,Mesa,33.4223,-111.8226,26.99,12,100,1.84,2021-11-16 21:00:00
169,Mesa,33.4223,-111.8226,25.46,15,80,1.33,2021-11-17 21:00:00
170,Fresno,36.6666,-119.8343,22.1,80,61,2.14,2021-11-13 21:00:00
171,Fresno,36.6666,-119.8343,24.2,33,16,0.79,2021-11-14 21:00:00
172,Fresno,36.6666,-119.8343,24.65,29,100,0.56,2021-11-15 21:00:00
173,Fresno,36.6666,-119.8343,23.77,33,1,4.83,2021-11-16 21:00:00
174,Fresno,36.6666,-119.8343,20.67,47,100,0.71,2021-11-17 21:00:00
175,Sacramento,38.4666,-121.3177,21.15,82,61,1.39,2021-11-13 21:00:00
176,Sacramento,38.4666,-121.3177,21.45,43,97,1.37,2021-11-14 21:00:00
177,Sacramento,38.4666,-121.3177,21.46,46,100,1.5,2021-11-15 21:00:00
178,Sacramento,38.4666,-121.3177,20.24,54,0,3.3,2021-11-16 21:00:00
179,Sacramento,38.4666,-121.3177,17.83,57,100,0.75,2021-11-17 21:00:00
180,Atlanta,33.749,-84.388,11.84,43,1,5.61,2021-11-13 21:00:00
181,Atlanta,33.749,-84.388,15.15,31,0,4.7,2021-11-14 21:00:00
182,Atlanta,33.749,-84.388,14.13,24,0,3.44,2021-11-15 21:00:00
183,Atlanta,33.749,-84.388,19.86,41,0,2.72,2021-11-16 21:00:00
184,Atlanta,33.749,-84.388,21.58,31,0,3.39,2021-11-17 21:00:00
185,Kansas City,39.0997,-94.5786,8.12,51,26,4.08,2021-11-13 21:00:00
186,Kansas City,39.0997,-94.5786,9.61,50,92,5.34,2021-11-14 21:00:00
187,Kansas City,39.0997,-94.5786,17.93,49,74,5.73,2021-11-15 21:00:00
188,Kansas City,39.0997,-94.5786,21.26,65,91,7.14,2021-11-16 21:00:00
189,Kansas City,39.0997,-94.5786,8.98,60,100,6.43,2021-11-17 21:00:00
190,Colorado Springs,38.8339,-104.8214,17.67,23,83,6.67,2021-11-13 21:00:00
191,Colorado Springs,38.8339,-104.8214,17.71,23,100,2.52,2021-11-14 21:00:00
192,Colorado Springs,38.8339,-104.8214,20.4,19,32,0.77,2021-11-15 21:00:00
193,Colorado Springs,38.8339,-104.8214,19.53,9,100,4.11,2021-11-16 21:00:00
194,Colorado Springs,38.8339,-104.8214,5.44,45,67,3.2,2021-11-17 21:00:00
195,Raleigh,35.7721,-78.6386,17.61,41,1,5.0,2021-11-13 21:00:00
196,Raleigh,35.7721,-78.6386,14.42,36,0,4.39,2021-11-14 21:00:00
197,Raleigh,35.7721,-78.6386,11.65,31,2,4.59,2021-11-15 21:00:00
198,Raleigh,35.7721,-78.6386,15.86,31,0,2.72,2021-11-16 21:00:00
199,Raleigh,35.7721,-78.6386,20.32,38,0,3.44,2021-11-17 21:00:00
200,Omaha,41.2586,-95.9378,4.3,59,83,4.84,2021-11-13 21:00:00
201,Omaha,41.2586,-95.9378,6.94,58,95,3.44,2021-11-14 21:00:00
202,Omaha,41.2586,-95.9378,17.16,47,90,1.8,2021-11-15 21:00:00
203,Omaha,41.2586,-95.9378,20.93,41,72,6.39,2021-11-16 21:00:00
204,Omaha,41.2586,-95.9378,9.25,32,100,5.8,2021-11-17 21:00:00
205,Miami,25.7743,-80.1937,28.73,63,79,3.69,2021-11-13 21:00:00
206,Miami,25.7743,-80.1937,25.55,48,100,2.78,2021-11-14 21:00:00
207,Miami,25.7743,-80.1937,23.83,50,97,7.67,2021-11-15 21:00:00
208,Miami,25.7743,-80.1937,25.07,57,64,8.33,2021-11-16 21:00:00
209,Miami,25.7743,-80.1937,25.89,63,100,8.69,2021-11-17 21:00:00
210,Long Beach,33.767,-118.1892,26.89,33,1,2.81,2021-11-13 21:00:00
211,Long Beach,33.767,-118.1892,26.06,27,0,2.36,2021-11-14 21:00:00
212,Long Beach,33.767,-118.1892,24.26,36,5,2.0,2021-11-15 21:00:00
213,Long Beach,33.767,-118.1892,19.8,56,100,2.71,2021-11-16 21:00:00
214,Long Beach,33.767,-118.1892,19.46,65,11,2.7,2021-11-17 21:00:00
215,Virginia Beach,36.8529,-75.978,18.84,46,5,8.23,2021-11-13 21:00:00
216,Virginia Beach,36.8529,-75.978,13.47,41,1,5.3,2021-11-14 21:00:00
217,Virginia Beach,36.8529,-75.978,11.42,40,3,8.31,2021-11-15 21:00:00
218,Virginia Beach,36.8529,-75.978,13.25,39,6,3.47,2021-11-16 21:00:00
219,Virginia Beach,36.8529,-75.978,17.72,55,0,4.36,2021-11-17 21:00:00
220,Oakland,42.6667,-83.3999,4.96,78,93,5.7,2021-11-13 21:00:00
221,Oakland,42.6667,-83.3999,1.62,99,100,2.46,2021-11-14 21:00:00
222,Oakland,42.6667,-83.3999,2.96,67,88,3.57,2021-11-15 21:00:00
223,Oakland,42.6667,-83.3999,4.95,74,97,3.36,2021-11-16 21:00:00
224,Oakland,42.6667,-83.3999,14.12,88,100,5.98,2021-11-17 21:00:00
225,Minneapolis,44.98,-93.2638,0.47,74,93,2.89,2021-11-13 21:00:00
226,Minneapolis,44.98,-93.2638,-0.97,85,94,3.81,2021-11-14 21:00:00
227,Minneapolis,44.98,-93.2638,0.51,99,100,3.45,2021-11-15 21:00:00
228,Minneapolis,44.98,-93.2638,7.68,83,99,5.31,2021-11-16 21:00:00
229,Minneapolis,44.98,-93.2638,5.58,49,27,5.06,2021-11-17 21:00:00
230,Tampa,27.9475,-82.4584,23.39,78,71,5.45,2021-11-13 21:00:00
231,Tampa,27.9475,-82.4584,18.26,50,11,5.85,2021-11-14 21:00:00
232,Tampa,27.9475,-82.4584,21.83,40,3,3.82,2021-11-15 21:00:00
233,Tampa,27.9475,-82.4584,23.61,42,0,4.33,2021-11-16 21:00:00
234,Tampa,27.9475,-82.4584,25.37,55,100,6.0,2021-11-17 21:00:00
235,Tulsa,36.1001,-95.9003,12.72,41,16,4.11,2021-11-13 21:00:00
236,Tulsa,36.1001,-95.9003,14.96,35,100,3.52,2021-11-14 21:00:00
237,Tulsa,36.1001,-95.9003,20.05,47,0,5.71,2021-11-15 21:00:00
238,Tulsa,36.1001,-95.9003,24.39,56,70,9.29,2021-11-16 21:00:00
239,Tulsa,36.1001,-95.9003,22.27,39,0,6.96,2021-11-17 21:00:00
240,Arlington,32.7357,-97.1081,18.19,27,1,2.48,2021-11-13 21:00:00
241,Arlington,32.7357,-97.1081,21.49,31,19,1.52,2021-11-14 21:00:00
242,Arlington,32.7357,-97.1081,26.75,36,4,4.36,2021-11-15 21:00:00
243,Arlington,32.7357,-97.1081,27.04,41,0,7.96,2021-11-16 21:00:00
244,Arlington,32.7357,-97.1081,27.74,36,0,6.54,2021-11-17 21:00:00
245,Wichita,37.6922,-97.3375,13.0,35,83,5.88,2021-11-13 21:00:00
246,Wichita,37.6922,-97.3375,14.48,29,98,1.98,2021-11-14 21:00:00
247,Wichita,37.6922,-97.3375,20.66,37,0,5.54,2021-11-15 21:00:00
248,Wichita,37.6922,-97.3375,22.78,46,100,7.01,2021-11-16 21:00:00
249,Wichita,37.6922,-97.3375,10.88,33,100,8.31,2021-11-17 21:00:00
250,Bakersfield,35.3733,-119.0187,22.87,64,2,0.93,2021-11-13 21:00:00
251,Bakersfield,35.3733,-119.0187,25.56,29,2,1.63,2021-11-14 21:00:00
252,Bakersfield,35.3733,-119.0187,26.55,24,91,0.47,2021-11-15 21:00:00
253,Bakersfield,35.3733,-119.0187,22.52,35,20,2.33,2021-11-16 21:00:00
254,Bakersfield,35.3733,-119.0187,21.77,37,45,1.63,2021-11-17 21:00:00
255,Aurora,39.7294,-104.8319,18.12,23,83,5.75,2021-11-13 21:00:00
256,Aurora,39.7294,-104.8319,19.07,21,49,6.74,2021-11-14 21:00:00
257,Aurora,39.7294,-104.8319,21.36,16,17,1.71,2021-11-15 21:00:00
258,Aurora,39.7294,-104.8319,20.69,11,100,1.48,2021-11-16 21:00:00
259,Aurora,39.7294,-104.8319,3.69,54,89,2.17,2021-11-17 21:00:00
260,New Orleans,29.9547,-90.0751,15.49,46,1,6.24,2021-11-13 21:00:00
261,New Orleans,29.9547,-90.0751,17.94,36,0,2.25,2021-11-14 21:00:00
262,New Orleans,29.9547,-90.0751,21.23,43,1,0.75,2021-11-15 21:00:00
263,New Orleans,29.9547,-90.0751,23.95,49,0,3.09,2021-11-16 21:00:00
264,New Orleans,29.9547,-90.0751,22.7,63,100,3.29,2021-11-17 21:00:00
265,Cleveland,41.4995,-81.6954,6.08,72,93,9.23,2021-11-13 21:00:00
266,Cleveland,41.4995,-81.6954,2.2,97,100,6.83,2021-11-14 21:00:00
267,Cleveland,41.4995,-81.6954,4.97,61,100,6.47,2021-11-15 21:00:00
268,Cleveland,41.4995,-81.6954,7.86,66,59,3.79,2021-11-16 21:00:00
269,Cleveland,41.4995,-81.6954,16.75,73,100,6.88,2021-11-17 21:00:00
270,Anaheim,33.8353,-117.9145,28.5,24,1,2.37,2021-11-13 21:00:00
271,Anaheim,33.8353,-117.9145,28.84,16,0,2.13,2021-11-14 21:00:00
272,Anaheim,33.8353,-117.9145,26.71,23,4,2.31,2021-11-15 21:00:00
273,Anaheim,33.8353,-117.9145,22.57,37,100,3.04,2021-11-16 21:00:00
274,Anaheim,33.8353,-117.9145,22.08,45,13,2.68,2021-11-17 21:00:00
275,Henderson,36.0397,-114.9819,25.44,24,16,1.73,2021-11-13 21:00:00
276,Henderson,36.0397,-114.9819,25.99,16,7,1.42,2021-11-14 21:00:00
277,Henderson,36.0397,-114.9819,26.44,12,39,0.54,2021-11-15 21:00:00
278,Henderson,36.0397,-114.9819,23.29,14,100,3.06,2021-11-16 21:00:00
279,Henderson,36.0397,-114.9819,22.01,21,47,3.71,2021-11-17 21:00:00
280,Honolulu,21.3069,-157.8583,25.89,69,58,2.94,2021-11-13 21:00:00
281,Honolulu,21.3069,-157.8583,24.71,72,99,2.0,2021-11-14 21:00:00
282,Honolulu,21.3069,-157.8583,24.56,75,73,3.54,2021-11-15 21:00:00
283,Honolulu,21.3069,-157.8583,25.69,73,79,3.12,2021-11-16 21:00:00
284,Honolulu,21.3069,-157.8583,25.8,80,100,4.35,2021-11-17 21:00:00
285,Riverside,33.7333,-116.0508,28.67,17,1,0.31,2021-11-13 21:00:00
286,Riverside,33.7333,-116.0508,28.74,12,0,0.95,2021-11-14 21:00:00
287,Riverside,33.7333,-116.0508,27.72,12,0,2.08,2021-11-15 21:00:00
288,Riverside,33.7333,-116.0508,25.19,13,100,2.37,2021-11-16 21:00:00
289,Riverside,33.7333,-116.0508,24.66,14,84,1.93,2021-11-17 21:00:00
290,Santa Ana,33.7456,-117.8678,28.29,25,1,2.4,2021-11-13 21:00:00
291,Santa Ana,33.7456,-117.8678,28.59,18,0,2.14,2021-11-14 21:00:00
292,Santa Ana,33.7456,-117.8678,26.41,26,2,2.33,2021-11-15 21:00:00
293,Santa Ana,33.7456,-117.8678,22.24,39,100,3.1,2021-11-16 21:00:00
294,Santa Ana,33.7456,-117.8678,21.83,47,18,2.61,2021-11-17 21:00:00
295,Corpus Christi,27.8006,-97.3964,21.15,33,13,4.51,2021-11-13 21:00:00
296,Corpus Christi,27.8006,-97.3964,25.06,53,0,5.61,2021-11-14 21:00:00
297,Corpus Christi,27.8006,-97.3964,25.83,60,3,6.66,2021-11-15 21:00:00
298,Corpus Christi,27.8006,-97.3964,26.2,56,0,8.46,2021-11-16 21:00:00
299,Corpus Christi,27.8006,-97.3964,26.67,57,100,7.08,2021-11-17 21:00:00
300,Lexington,37.9887,-84.4777,3.93,61,92,5.15,2021-11-13 21:00:00
301,Lexington,37.9887,-84.4777,6.6,73,98,7.59,2021-11-14 21:00:00
302,Lexington,37.9887,-84.4777,6.26,51,63,3.69,2021-11-15 21:00:00
303,Lexington,37.9887,-84.4777,11.26,83,100,4.37,2021-11-16 21:00:00
304,Lexington,37.9887,-84.4777,18.14,70,14,7.54,2021-11-17 21:00:00
305,San Juan,-31.5375,-68.5364,26.37,39,0,11.72,2021-11-13 21:00:00
306,San Juan,-31.5375,-68.5364,29.59,21,0,7.38,2021-11-14 21:00:00
307,San Juan,-31.5375,-68.5364,34.82,12,0,7.67,2021-11-15 21:00:00
308,San Juan,-31.5375,-68.5364,20.24,24,0,6.32,2021-11-16 21:00:00
309,San Juan,-31.5375,-68.5364,29.18,12,0,2.92,2021-11-17 21:00:00
310,Stockton,37.9577,-121.2908,21.55,82,61,1.34,2021-11-13 21:00:00
311,Stockton,37.9577,-121.2908,22.49,41,62,0.8,2021-11-14 21:00:00
312,Stockton,37.9577,-121.2908,22.33,42,100,0.57,2021-11-15 21:00:00
313,Stockton,37.9577,-121.2908,20.75,51,0,4.6,2021-11-16 21:00:00
314,Stockton,37.9577,-121.2908,18.72,46,75,0.26,2021-11-17 21:00:00
315,St. Paul,44.9444,-93.0933,0.68,73,93,3.24,2021-11-13 21:00:00
316,St. Paul,44.9444,-93.0933,-0.61,85,73,4.11,2021-11-14 21:00:00
317,St. Paul,44.9444,-93.0933,0.58,98,100,3.62,2021-11-15 21:00:00
318,St. Paul,44.9444,-93.0933,7.24,87,99,6.02,2021-11-16 21:00:00
319,St. Paul,44.9444,-93.0933,5.66,49,60,5.41,2021-11-17 21:00:00
320,Cincinnati,39.162,-84.4569,4.89,68,93,4.27,2021-11-13 21:00:00
321,Cincinnati,39.162,-84.4569,4.58,91,100,5.39,2021-11-14 21:00:00
322,Cincinnati,39.162,-84.4569,5.41,51,23,2.94,2021-11-15 21:00:00
323,Cincinnati,39.162,-84.4569,13.94,74,76,2.79,2021-11-16 21:00:00
324,Cincinnati,39.162,-84.4569,18.62,68,93,6.04,2021-11-17 21:00:00
325,Greensboro,36.0726,-79.792,13.93,40,14,4.16,2021-11-13 21:00:00
326,Greensboro,36.0726,-79.792,13.13,37,0,4.58,2021-11-14 21:00:00
327,Greensboro,36.0726,-79.792,10.46,32,17,3.43,2021-11-15 21:00:00
328,Greensboro,36.0726,-79.792,14.94,33,0,2.76,2021-11-16 21:00:00
329,Greensboro,36.0726,-79.792,19.71,42,0,3.83,2021-11-17 21:00:00
330,Pittsburgh,40.4406,-79.9959,4.4,73,93,5.1,2021-11-13 21:00:00
331,Pittsburgh,40.4406,-79.9959,2.68,96,100,4.05,2021-11-14 21:00:00
332,Pittsburgh,40.4406,-79.9959,3.56,71,38,4.7,2021-11-15 21:00:00
333,Pittsburgh,40.4406,-79.9959,7.44,62,35,2.09,2021-11-16 21:00:00
334,Pittsburgh,40.4406,-79.9959,16.83,69,94,4.38,2021-11-17 21:00:00
335,Irvine,33.6695,-117.8231,27.73,29,1,2.08,2021-11-13 21:00:00
336,Irvine,33.6695,-117.8231,27.07,26,0,2.32,2021-11-14 21:00:00
337,Irvine,33.6695,-117.8231,25.1,35,2,2.45,2021-11-15 21:00:00
338,Irvine,33.6695,-117.8231,21.37,47,100,3.16,2021-11-16 21:00:00
339,Irvine,33.6695,-117.8231,21.04,54,39,2.44,2021-11-17 21:00:00
340,St. Louis,38.6273,-90.1979,6.8,61,82,3.99,2021-11-13 21:00:00
341,St. Louis,38.6273,-90.1979,8.72,39,56,7.45,2021-11-14 21:00:00
342,St. Louis,38.6273,-90.1979,12.82,41,91,5.04,2021-11-15 21:00:00
343,St. Louis,38.6273,-90.1979,22.69,58,8,5.38,2021-11-16 21:00:00
344,St. Louis,38.6273,-90.1979,18.36,71,100,5.73,2021-11-17 21:00:00
345,Lincoln,40.8,-96.667,6.9,47,46,5.26,2021-11-13 21:00:00
346,Lincoln,40.8,-96.667,10.74,46,84,3.25,2021-11-14 21:00:00
347,Lincoln,40.8,-96.667,19.29,47,100,3.6,2021-11-15 21:00:00
348,Lincoln,40.8,-96.667,21.83,35,52,6.01,2021-11-16 21:00:00
349,Lincoln,40.8,-96.667,9.7,29,100,6.45,2021-11-17 21:00:00
350,Orlando,28.5383,-81.3792,25.57,64,26,5.43,2021-11-13 21:00:00
351,Orlando,28.5383,-81.3792,20.62,37,44,3.73,2021-11-14 21:00:00
352,Orlando,28.5383,-81.3792,22.39,34,0,2.99,2021-11-15 21:00:00
353,Orlando,28.5383,-81.3792,23.3,41,0,4.42,2021-11-16 21:00:00
354,Orlando,28.5383,-81.3792,24.77,54,100,5.18,2021-11-17 21:00:00
355,Durham,36.0335,-78.8664,16.6,40,2,4.49,2021-11-13 21:00:00
356,Durham,36.0335,-78.8664,14.06,38,0,4.13,2021-11-14 21:00:00
357,Durham,36.0335,-78.8664,11.24,32,4,4.15,2021-11-15 21:00:00
358,Durham,36.0335,-78.8664,15.64,34,0,2.6,2021-11-16 21:00:00
359,Durham,36.0335,-78.8664,20.21,42,0,3.21,2021-11-17 21:00:00
360,Plano,33.0198,-96.6989,15.66,31,1,2.16,2021-11-13 21:00:00
361,Plano,33.0198,-96.6989,20.26,39,48,1.33,2021-11-14 21:00:00
362,Plano,33.0198,-96.6989,24.77,42,6,4.56,2021-11-15 21:00:00
363,Plano,33.0198,-96.6989,25.7,48,0,8.56,2021-11-16 21:00:00
364,Plano,33.0198,-96.6989,26.82,42,0,7.12,2021-11-17 21:00:00
365,Anchorage,61.2181,-149.9003,-8.58,82,4,3.24,2021-11-13 21:00:00
366,Anchorage,61.2181,-149.9003,-9.74,75,14,2.37,2021-11-14 21:00:00
367,Anchorage,61.2181,-149.9003,-10.79,76,17,2.23,2021-11-15 21:00:00
368,Anchorage,61.2181,-149.9003,-11.67,73,12,2.47,2021-11-16 21:00:00
369,Anchorage,61.2181,-149.9003,-14.32,69,26,5.11,2021-11-17 21:00:00
370,Newark,40.7357,-74.1724,13.73,65,49,7.27,2021-11-13 21:00:00
371,Newark,40.7357,-74.1724,7.73,48,75,3.94,2021-11-14 21:00:00
372,Newark,40.7357,-74.1724,7.85,50,73,5.97,2021-11-15 21:00:00
373,Newark,40.7357,-74.1724,8.83,42,18,4.65,2021-11-16 21:00:00
374,Newark,40.7357,-74.1724,11.53,57,100,1.39,2021-11-17 21:00:00
375,Chula Vista,32.64,-117.0842,27.06,30,1,2.13,2021-11-13 21:00:00
376,Chula Vista,32.64,-117.0842,26.99,28,0,3.72,2021-11-14 21:00:00
377,Chula Vista,32.64,-117.0842,25.81,31,0,2.65,2021-11-15 21:00:00
378,Chula Vista,32.64,-117.0842,21.8,47,100,2.83,2021-11-16 21:00:00
379,Chula Vista,32.64,-117.0842,20.87,58,97,3.13,2021-11-17 21:00:00
380,Fort Wayne,41.1306,-85.1289,3.85,74,93,6.83,2021-11-13 21:00:00
381,Fort Wayne,41.1306,-85.1289,2.12,84,100,7.43,2021-11-14 21:00:00
382,Fort Wayne,41.1306,-85.1289,2.51,64,100,4.05,2021-11-15 21:00:00
383,Fort Wayne,41.1306,-85.1289,9.85,76,55,3.36,2021-11-16 21:00:00
384,Fort Wayne,41.1306,-85.1289,16.76,75,100,8.06,2021-11-17 21:00:00
385,Chandler,33.3062,-111.8412,28.21,19,1,0.86,2021-11-13 21:00:00
386,Chandler,33.3062,-111.8412,28.54,12,0,1.46,2021-11-14 21:00:00
387,Chandler,33.3062,-111.8412,28.57,11,0,1.13,2021-11-15 21:00:00
388,Chandler,33.3062,-111.8412,27.34,12,100,1.65,2021-11-16 21:00:00
389,Chandler,33.3062,-111.8412,25.67,15,65,0.88,2021-11-17 21:00:00
390,Toledo,39.8333,-4.0,10.74,61,41,1.06,2021-11-13 21:00:00
391,Toledo,39.8333,-4.0,10.68,49,0,2.55,2021-11-14 21:00:00
392,Toledo,39.8333,-4.0,8.21,67,2,1.35,2021-11-15 21:00:00
393,Toledo,39.8333,-4.0,8.64,61,0,1.95,2021-11-16 21:00:00
394,Toledo,39.8333,-4.0,8.06,65,0,4.31,2021-11-17 21:00:00
395,St. Petersburg,59.8944,30.2642,2.31,86,93,1.88,2021-11-13 21:00:00
396,St. Petersburg,59.8944,30.2642,0.27,81,6,3.97,2021-11-14 21:00:00
397,St. Petersburg,59.8944,30.2642,-0.32,76,64,4.49,2021-11-15 21:00:00
398,St. Petersburg,59.8944,30.2642,2.04,94,100,2.83,2021-11-16 21:00:00
399,St. Petersburg,59.8944,30.2642,-0.45,90,38,3.96,2021-11-17 21:00:00
400,Reno,39.5296,-119.8138,17.02,50,36,1.26,2021-11-13 21:00:00
401,Reno,39.5296,-119.8138,18.81,29,100,0.51,2021-11-14 21:00:00
402,Reno,39.5296,-119.8138,18.76,25,100,3.15,2021-11-15 21:00:00
403,Reno,39.5296,-119.8138,14.7,39,2,2.29,2021-11-16 21:00:00
404,Reno,39.5296,-119.8138,9.89,41,100,2.42,2021-11-17 21:00:00
405,Laredo,27.5064,-99.5075,25.27,22,1,4.11,2021-11-13 21:00:00
406,Laredo,27.5064,-99.5075,28.12,41,0,4.75,2021-11-14 21:00:00
407,Laredo,27.5064,-99.5075,29.92,34,0,5.68,2021-11-15 21:00:00
408,Laredo,27.5064,-99.5075,29.86,29,0,7.7,2021-11-16 21:00:00
409,Laredo,27.5064,-99.5075,29.5,29,97,6.68,2021-11-17 21:00:00
410,Scottsdale,33.5092,-111.899,28.17,19,1,0.63,2021-11-13 21:00:00
411,Scottsdale,33.5092,-111.899,28.17,11,0,0.48,2021-11-14 21:00:00
412,Scottsdale,33.5092,-111.899,28.19,11,0,0.69,2021-11-15 21:00:00
413,Scottsdale,33.5092,-111.899,26.58,12,100,1.83,2021-11-16 21:00:00
414,Scottsdale,33.5092,-111.899,25.22,15,87,1.61,2021-11-17 21:00:00
415,North Las Vegas,36.1989,-115.1175,25.78,23,17,1.07,2021-11-13 21:00:00
416,North Las Vegas,36.1989,-115.1175,26.12,15,13,0.84,2021-11-14 21:00:00
417,North Las Vegas,36.1989,-115.1175,25.7,14,47,1.23,2021-11-15 21:00:00
418,North Las Vegas,36.1989,-115.1175,22.9,15,100,0.33,2021-11-16 21:00:00
419,North Las Vegas,36.1989,-115.1175,22.17,22,39,3.01,2021-11-17 21:00:00
420,Lubbock,33.6001,-101.8338,21.25,26,1,9.22,2021-11-13 21:00:00
421,Lubbock,33.6001,-101.8338,20.73,26,84,2.57,2021-11-14 21:00:00
422,Lubbock,33.6001,-101.8338,27.83,9,5,5.83,2021-11-15 21:00:00
423,Lubbock,33.6001,-101.8338,29.71,6,1,8.27,2021-11-16 21:00:00
424,Lubbock,33.6001,-101.8338,19.39,20,54,7.55,2021-11-17 21:00:00
425,Madison,34.7334,-86.5667,8.6,47,1,4.28,2021-11-13 21:00:00
426,Madison,34.7334,-86.5667,13.86,49,12,4.9,2021-11-14 21:00:00
427,Madison,34.7334,-86.5667,12.47,37,6,1.17,2021-11-15 21:00:00
428,Madison,34.7334,-86.5667,19.24,63,0,3.96,2021-11-16 21:00:00
429,Madison,34.7334,-86.5667,20.53,59,3,4.78,2021-11-17 21:00:00
430,Gilbert,33.3528,-111.789,28.34,19,1,0.79,2021-11-13 21:00:00
431,Gilbert,33.3528,-111.789,28.53,12,0,1.17,2021-11-14 21:00:00
432,Gilbert,33.3528,-111.789,28.59,11,0,1.07,2021-11-15 21:00:00
433,Gilbert,33.3528,-111.789,27.24,12,100,1.88,2021-11-16 21:00:00
434,Gilbert,33.3528,-111.789,25.61,16,72,1.12,2021-11-17 21:00:00
435,Jersey City,40.7282,-74.0776,13.71,65,51,8.09,2021-11-13 21:00:00
436,Jersey City,40.7282,-74.0776,7.92,47,74,4.26,2021-11-14 21:00:00
437,Jersey City,40.7282,-74.0776,8.08,50,77,6.66,2021-11-15 21:00:00
438,Jersey City,40.7282,-74.0776,9.03,41,13,5.14,2021-11-16 21:00:00
439,Jersey City,40.7282,-74.0776,12.13,61,100,1.91,2021-11-17 21:00:00
440,Glendale,33.5387,-112.186,27.97,18,1,0.58,2021-11-13 21:00:00
441,Glendale,33.5387,-112.186,28.1,12,0,0.82,2021-11-14 21:00:00
442,Glendale,33.5387,-112.186,28.06,11,0,0.3,2021-11-15 21:00:00
443,Glendale,33.5387,-112.186,26.68,12,100,1.15,2021-11-16 21:00:00
444,Glendale,33.5387,-112.186,25.3,14,84,1.44,2021-11-17 21:00:00
445,Buffalo,42.8865,-78.8784,4.92,79,76,6.93,2021-11-13 21:00:00
446,Buffalo,42.8865,-78.8784,2.61,96,100,4.76,2021-11-14 21:00:00
447,Buffalo,42.8865,-78.8784,4.43,72,70,6.88,2021-11-15 21:00:00
448,Buffalo,42.8865,-78.8784,5.29,57,61,3.45,2021-11-16 21:00:00
449,Buffalo,42.8865,-78.8784,13.86,85,100,6.47,2021-11-17 21:00:00
450,Winston-Salem,36.0999,-80.2442,13.33,38,1,4.19,2021-11-13 21:00:00
451,Winston-Salem,36.0999,-80.2442,13.08,36,1,4.87,2021-11-14 21:00:00
452,Winston-Salem,36.0999,-80.2442,10.89,29,46,3.07,2021-11-15 21:00:00
453,Winston-Salem,36.0999,-80.2442,15.13,32,0,2.62,2021-11-16 21:00:00
454,Winston-Salem,36.0999,-80.2442,19.71,43,0,3.94,2021-11-17 21:00:00
455,Chesapeake,36.819,-76.2749,18.69,42,1,6.72,2021-11-13 21:00:00
456,Chesapeake,36.819,-76.2749,13.73,35,2,4.46,2021-11-14 21:00:00
457,Chesapeake,36.819,-76.2749,11.51,34,3,6.25,2021-11-15 21:00:00
458,Chesapeake,36.819,-76.2749,13.59,36,6,2.95,2021-11-16 21:00:00
459,Chesapeake,36.819,-76.2749,19.13,43,0,3.63,2021-11-17 21:00:00
460,Fremont,37.5483,-121.9886,23.89,58,27,1.73,2021-11-13 21:00:00
461,Fremont,37.5483,-121.9886,24.31,32,45,0.94,2021-11-14 21:00:00
462,Fremont,37.5483,-121.9886,22.68,38,100,1.01,2021-11-15 21:00:00
463,Fremont,37.5483,-121.9886,19.06,44,1,2.3,2021-11-16 21:00:00
464,Fremont,37.5483,-121.9886,20.07,35,93,0.68,2021-11-17 21:00:00
465,Norfolk,42.1668,-71.2495,14.13,53,13,5.0,2021-11-13 21:00:00
466,Norfolk,42.1668,-71.2495,7.04,62,100,2.04,2021-11-14 21:00:00
467,Norfolk,42.1668,-71.2495,6.56,62,73,4.36,2021-11-15 21:00:00
468,Norfolk,42.1668,-71.2495,5.71,59,34,4.46,2021-11-16 21:00:00
469,Norfolk,42.1668,-71.2495,7.02,66,81,2.23,2021-11-17 21:00:00
470,Irving,32.814,-96.9489,17.64,28,13,2.19,2021-11-13 21:00:00
471,Irving,32.814,-96.9489,21.19,34,23,1.48,2021-11-14 21:00:00
472,Irving,32.814,-96.9489,26.32,38,4,4.05,2021-11-15 21:00:00
473,Irving,32.814,-96.9489,26.84,43,0,7.8,2021-11-16 21:00:00
474,Irving,32.814,-96.9489,27.72,38,0,6.49,2021-11-17 21:00:00
475,Garland,32.9126,-96.6389,16.07,31,1,1.99,2021-11-13 21:00:00
476,Garland,32.9126,-96.6389,20.7,37,39,1.11,2021-11-14 21:00:00
477,Garland,32.9126,-96.6389,25.25,43,4,4.89,2021-11-15 21:00:00
478,Garland,32.9126,-96.6389,25.9,48,0,8.79,2021-11-16 21:00:00
479,Garland,32.9126,-96.6389,26.98,43,0,7.52,2021-11-17 21:00:00
480,Paradise,36.0972,-115.1467,25.2,24,28,0.98,2021-11-13 21:00:00
481,Paradise,36.0972,-115.1467,25.62,15,8,0.97,2021-11-14 21:00:00
482,Paradise,36.0972,-115.1467,25.84,13,46,1.1,2021-11-15 21:00:00
483,Paradise,36.0972,-115.1467,22.48,15,100,1.06,2021-11-16 21:00:00
484,Paradise,36.0972,-115.1467,21.44,22,46,2.82,2021-11-17 21:00:00
485,Arlington,32.7357,-97.1081,18.19,27,1,2.48,2021-11-13 21:00:00
486,Arlington,32.7357,-97.1081,21.49,31,19,1.52,2021-11-14 21:00:00
487,Arlington,32.7357,-97.1081,26.75,36,4,4.36,2021-11-15 21:00:00
488,Arlington,32.7357,-97.1081,27.04,41,0,7.96,2021-11-16 21:00:00
489,Arlington,32.7357,-97.1081,27.74,36,0,6.54,2021-11-17 21:00:00
490,Richmond,37.5538,-77.4603,14.77,36,14,4.81,2021-11-13 21:00:00
491,Richmond,37.5538,-77.4603,12.45,37,9,3.89,2021-11-14 21:00:00
492,Richmond,37.5538,-77.4603,9.85,29,4,4.41,2021-11-15 21:00:00
493,Richmond,37.5538,-77.4603,13.49,36,7,1.49,2021-11-16 21:00:00
494,Richmond,37.5538,-77.4603,19.97,45,0,2.98,2021-11-17 21:00:00
495,Hialeah,25.8576,-80.2781,29.36,60,30,2.75,2021-11-13 21:00:00
496,Hialeah,25.8576,-80.2781,25.47,47,100,3.22,2021-11-14 21:00:00
497,Hialeah,25.8576,-80.2781,24.21,44,99,6.81,2021-11-15 21:00:00
498,Hialeah,25.8576,-80.2781,25.35,53,45,7.72,2021-11-16 21:00:00
499,Hialeah,25.8576,-80.2781,26.26,58,100,7.89,2021-11-17 21:00:00
500,Boise,43.6135,-116.2035,15.21,74,28,2.2,2021-11-13 21:00:00
501,Boise,43.6135,-116.2035,18.05,40,97,1.48,2021-11-14 21:00:00
502,Boise,43.6135,-116.2035,16.99,40,100,4.06,2021-11-15 21:00:00
503,Boise,43.6135,-116.2035,6.57,38,41,6.64,2021-11-16 21:00:00
504,Boise,43.6135,-116.2035,6.94,31,95,3.17,2021-11-17 21:00:00
505,Spokane,47.6166,-117.3677,8.74,79,82,1.61,2021-11-13 21:00:00
506,Spokane,47.6166,-117.3677,14.45,70,100,9.96,2021-11-14 21:00:00
507,Spokane,47.6166,-117.3677,13.31,54,100,8.5,2021-11-15 21:00:00
508,Spokane,47.6166,-117.3677,5.82,42,57,5.97,2021-11-16 21:00:00
509,Spokane,47.6166,-117.3677,3.82,48,99,2.06,2021-11-17 21:00:00
510,Frisco,33.1507,-96.8236,15.73,32,40,2.64,2021-11-13 21:00:00
511,Frisco,33.1507,-96.8236,20.24,40,40,2.29,2021-11-14 21:00:00
512,Frisco,33.1507,-96.8236,24.44,40,7,4.44,2021-11-15 21:00:00
513,Frisco,33.1507,-96.8236,25.86,48,0,8.91,2021-11-16 21:00:00
514,Frisco,33.1507,-96.8236,26.89,41,0,7.5,2021-11-17 21:00:00
515,Moreno Valley,33.9375,-117.2306,29.77,18,1,1.85,2021-11-13 21:00:00
516,Moreno Valley,33.9375,-117.2306,29.63,10,0,2.09,2021-11-14 21:00:00
517,Moreno Valley,33.9375,-117.2306,27.87,12,2,2.06,2021-11-15 21:00:00
518,Moreno Valley,33.9375,-117.2306,22.95,19,100,1.44,2021-11-16 21:00:00
519,Moreno Valley,33.9375,-117.2306,23.43,20,56,1.57,2021-11-17 21:00:00
520,Tacoma,47.2529,-122.4443,9.72,92,93,1.64,2021-11-13 21:00:00
521,Tacoma,47.2529,-122.4443,15.03,90,100,6.52,2021-11-14 21:00:00
522,Tacoma,47.2529,-122.4443,9.09,83,100,7.98,2021-11-15 21:00:00
523,Tacoma,47.2529,-122.4443,8.6,65,78,2.61,2021-11-16 21:00:00
524,Tacoma,47.2529,-122.4443,7.45,54,100,3.02,2021-11-17 21:00:00
525,Fontana,34.0922,-117.4351,29.89,18,1,0.8,2021-11-13 21:00:00
526,Fontana,34.0922,-117.4351,29.84,11,0,0.98,2021-11-14 21:00:00
527,Fontana,34.0922,-117.4351,28.35,12,6,2.05,2021-11-15 21:00:00
528,Fontana,34.0922,-117.4351,23.39,21,100,1.77,2021-11-16 21:00:00
529,Fontana,34.0922,-117.4351,24.25,21,44,1.01,2021-11-17 21:00:00
530,Modesto,37.6391,-120.9969,21.25,57,62,2.13,2021-11-13 21:00:00
531,Modesto,37.6391,-120.9969,22.52,43,53,1.11,2021-11-14 21:00:00
532,Modesto,37.6391,-120.9969,22.72,40,100,0.61,2021-11-15 21:00:00
533,Modesto,37.6391,-120.9969,21.28,51,0,5.57,2021-11-16 21:00:00
534,Modesto,37.6391,-120.9969,18.73,45,70,0.35,2021-11-17 21:00:00
535,Baton Rouge,30.4508,-91.1545,14.22,43,1,5.09,2021-11-13 21:00:00
536,Baton Rouge,30.4508,-91.1545,19.89,36,1,2.51,2021-11-14 21:00:00
537,Baton Rouge,30.4508,-91.1545,22.57,45,5,1.38,2021-11-15 21:00:00
538,Baton Rouge,30.4508,-91.1545,24.67,46,0,3.59,2021-11-16 21:00:00
539,Baton Rouge,30.4508,-91.1545,22.41,67,99,2.73,2021-11-17 21:00:00
540,Port St. Lucie,27.2939,-80.3503,27.86,61,19,4.15,2021-11-13 21:00:00
541,Port St. Lucie,27.2939,-80.3503,21.77,48,100,3.05,2021-11-14 21:00:00
542,Port St. Lucie,27.2939,-80.3503,20.9,59,100,5.98,2021-11-15 21:00:00
543,Port St. Lucie,27.2939,-80.3503,23.0,60,0,6.19,2021-11-16 21:00:00
544,Port St. Lucie,27.2939,-80.3503,24.19,65,96,6.64,2021-11-17 21:00:00
545,San Bernardino,34.6667,-116.1675,26.3,19,0,3.95,2021-11-13 21:00:00
546,San Bernardino,34.6667,-116.1675,26.85,14,0,1.94,2021-11-14 21:00:00
547,San Bernardino,34.6667,-116.1675,27.41,10,5,1.47,2021-11-15 21:00:00
548,San Bernardino,34.6667,-116.1675,24.88,10,99,2.5,2021-11-16 21:00:00
549,San Bernardino,34.6667,-116.1675,22.86,19,35,2.85,2021-11-17 21:00:00
550,McKinney,33.1976,-96.6153,15.42,33,1,2.45,2021-11-13 21:00:00
551,McKinney,33.1976,-96.6153,20.23,40,33,2.49,2021-11-14 21:00:00
552,McKinney,33.1976,-96.6153,24.28,42,4,5.21,2021-11-15 21:00:00
553,McKinney,33.1976,-96.6153,25.62,50,0,9.48,2021-11-16 21:00:00
554,McKinney,33.1976,-96.6153,26.68,43,0,8.27,2021-11-17 21:00:00
555,Fayetteville,35.0527,-78.8784,20.29,38,1,5.39,2021-11-13 21:00:00
556,Fayetteville,35.0527,-78.8784,16.05,33,0,4.54,2021-11-14 21:00:00
557,Fayetteville,35.0527,-78.8784,12.87,27,0,4.7,2021-11-15 21:00:00
558,Fayetteville,35.0527,-78.8784,17.79,27,0,3.14,2021-11-16 21:00:00
559,Fayetteville,35.0527,-78.8784,21.72,31,0,3.58,2021-11-17 21:00:00
560,Santa Clarita,34.3917,-118.5426,30.14,18,1,2.8,2021-11-13 21:00:00
561,Santa Clarita,34.3917,-118.5426,30.3,12,0,0.64,2021-11-14 21:00:00
562,Santa Clarita,34.3917,-118.5426,28.16,15,7,3.09,2021-11-15 21:00:00
563,Santa Clarita,34.3917,-118.5426,23.57,24,100,2.68,2021-11-16 21:00:00
564,Santa Clarita,34.3917,-118.5426,24.09,24,5,1.62,2021-11-17 21:00:00
565,Des Moines,41.6005,-93.6091,3.78,70,88,4.56,2021-11-13 21:00:00
566,Des Moines,41.6005,-93.6091,2.57,55,100,5.79,2021-11-14 21:00:00
567,Des Moines,41.6005,-93.6091,11.93,59,64,2.09,2021-11-15 21:00:00
568,Des Moines,41.6005,-93.6091,17.95,65,70,7.19,2021-11-16 21:00:00
569,Des Moines,41.6005,-93.6091,9.42,41,100,5.93,2021-11-17 21:00:00
570,Oxnard,34.1975,-119.177,27.72,30,1,2.14,2021-11-13 21:00:00
571,Oxnard,34.1975,-119.177,24.21,34,0,2.92,2021-11-14 21:00:00
572,Oxnard,34.1975,-119.177,21.82,45,10,3.51,2021-11-15 21:00:00
573,Oxnard,34.1975,-119.177,18.97,58,100,2.91,2021-11-16 21:00:00
574,Oxnard,34.1975,-119.177,18.76,69,7,2.74,2021-11-17 21:00:00
575,Birmingham,33.5207,-86.8025,10.91,49,14,3.62,2021-11-13 21:00:00
576,Birmingham,33.5207,-86.8025,15.69,39,0,4.02,2021-11-14 21:00:00
577,Birmingham,33.5207,-86.8025,15.74,30,0,1.05,2021-11-15 21:00:00
578,Birmingham,33.5207,-86.8025,20.64,52,0,2.95,2021-11-16 21:00:00
579,Birmingham,33.5207,-86.8025,21.61,50,0,3.56,2021-11-17 21:00:00
580,Spring Valley,36.108,-115.245,24.68,25,27,1.27,2021-11-13 21:00:00
581,Spring Valley,36.108,-115.245,24.95,15,7,1.22,2021-11-14 21:00:00
582,Spring Valley,36.108,-115.245,25.15,13,51,1.54,2021-11-15 21:00:00
583,Spring Valley,36.108,-115.245,21.73,16,100,0.55,2021-11-16 21:00:00
584,Spring Valley,36.108,-115.245,20.71,22,49,2.22,2021-11-17 21:00:00
585,Huntsville,34.7304,-86.5861,8.83,48,1,4.27,2021-11-13 21:00:00
586,Huntsville,34.7304,-86.5861,14.1,49,13,4.93,2021-11-14 21:00:00
587,Huntsville,34.7304,-86.5861,12.68,37,6,1.17,2021-11-15 21:00:00
588,Huntsville,34.7304,-86.5861,19.49,63,0,3.99,2021-11-16 21:00:00
589,Huntsville,34.7304,-86.5861,20.79,59,4,4.84,2021-11-17 21:00:00
590,Rochester,43.1548,-77.6156,4.77,82,88,6.58,2021-11-13 21:00:00
591,Rochester,43.1548,-77.6156,2.79,96,100,3.35,2021-11-14 21:00:00
592,Rochester,43.1548,-77.6156,4.32,70,98,8.63,2021-11-15 21:00:00
593,Rochester,43.1548,-77.6156,5.2,62,77,4.36,2021-11-16 21:00:00
594,Rochester,43.1548,-77.6156,12.73,86,100,6.39,2021-11-17 21:00:00
595,Cape Coral,26.5629,-81.9495,26.4,73,29,5.28,2021-11-13 21:00:00
596,Cape Coral,26.5629,-81.9495,21.25,53,100,4.84,2021-11-14 21:00:00
597,Cape Coral,26.5629,-81.9495,22.33,36,100,5.76,2021-11-15 21:00:00
598,Cape Coral,26.5629,-81.9495,25.19,49,0,6.67,2021-11-16 21:00:00
599,Cape Coral,26.5629,-81.9495,26.29,56,100,6.37,2021-11-17 21:00:00
600,Tempe,33.4148,-111.9093,28.21,19,13,0.43,2021-11-13 21:00:00
601,Tempe,33.4148,-111.9093,28.38,12,0,0.9,2021-11-14 21:00:00
602,Tempe,33.4148,-111.9093,28.4,11,0,0.67,2021-11-15 21:00:00
603,Tempe,33.4148,-111.9093,26.97,12,100,1.55,2021-11-16 21:00:00
604,Tempe,33.4148,-111.9093,25.49,15,77,1.24,2021-11-17 21:00:00
605,Grand Rapids,42.9634,-85.6681,3.91,80,83,5.32,2021-11-13 21:00:00
606,Grand Rapids,42.9634,-85.6681,1.65,99,100,4.71,2021-11-14 21:00:00
607,Grand Rapids,42.9634,-85.6681,2.75,69,99,3.95,2021-11-15 21:00:00
608,Grand Rapids,42.9634,-85.6681,5.14,81,98,4.63,2021-11-16 21:00:00
609,Grand Rapids,42.9634,-85.6681,13.01,96,100,4.73,2021-11-17 21:00:00
610,Yonkers,40.9312,-73.8988,13.38,64,80,8.02,2021-11-13 21:00:00
611,Yonkers,40.9312,-73.8988,7.76,49,80,4.1,2021-11-14 21:00:00
612,Yonkers,40.9312,-73.8988,7.92,51,69,6.18,2021-11-15 21:00:00
613,Yonkers,40.9312,-73.8988,8.88,39,17,4.44,2021-11-16 21:00:00
614,Yonkers,40.9312,-73.8988,11.51,62,100,1.97,2021-11-17 21:00:00
615,Overland Park,38.9822,-94.6708,7.98,52,24,4.21,2021-11-13 21:00:00
616,Overland Park,38.9822,-94.6708,9.5,50,92,5.02,2021-11-14 21:00:00
617,Overland Park,38.9822,-94.6708,17.85,48,54,5.96,2021-11-15 21:00:00
618,Overland Park,38.9822,-94.6708,20.93,65,90,7.27,2021-11-16 21:00:00
619,Overland Park,38.9822,-94.6708,8.71,60,100,6.57,2021-11-17 21:00:00
620,Salt Lake City,40.7608,-111.8911,15.79,50,32,2.69,2021-11-13 21:00:00
621,Salt Lake City,40.7608,-111.8911,17.45,29,87,1.6,2021-11-14 21:00:00
622,Salt Lake City,40.7608,-111.8911,18.54,23,75,2.75,2021-11-15 21:00:00
623,Salt Lake City,40.7608,-111.8911,11.44,59,79,4.17,2021-11-16 21:00:00
624,Salt Lake City,40.7608,-111.8911,7.24,34,6,1.99,2021-11-17 21:00:00
625,Amarillo,35.222,-101.8313,21.88,23,3,7.89,2021-11-13 21:00:00
626,Amarillo,35.222,-101.8313,18.81,26,42,4.19,2021-11-14 21:00:00
627,Amarillo,35.222,-101.8313,25.13,12,1,1.64,2021-11-15 21:00:00
628,Amarillo,35.222,-101.8313,28.73,6,16,8.45,2021-11-16 21:00:00
629,Amarillo,35.222,-101.8313,12.2,23,94,9.0,2021-11-17 21:00:00
630,Augusta,48.3667,10.8833,6.84,92,93,2.3,2021-11-13 21:00:00
631,Augusta,48.3667,10.8833,5.39,92,91,3.68,2021-11-14 21:00:00
632,Augusta,48.3667,10.8833,3.12,94,19,0.99,2021-11-15 21:00:00
633,Augusta,48.3667,10.8833,6.48,83,100,0.44,2021-11-16 21:00:00
634,Augusta,48.3667,10.8833,4.85,91,97,2.76,2021-11-17 21:00:00
635,Columbus,39.9612,-82.9988,5.25,69,93,5.68,2021-11-13 21:00:00
636,Columbus,39.9612,-82.9988,2.07,97,100,5.36,2021-11-14 21:00:00
637,Columbus,39.9612,-82.9988,3.86,57,64,4.03,2021-11-15 21:00:00
638,Columbus,39.9612,-82.9988,11.46,64,69,2.8,2021-11-16 21:00:00
639,Columbus,39.9612,-82.9988,18.47,64,71,6.27,2021-11-17 21:00:00
640,Tallahassee,30.4383,-84.2807,20.42,51,1,3.99,2021-11-13 21:00:00
641,Tallahassee,30.4383,-84.2807,17.51,32,0,3.44,2021-11-14 21:00:00
642,Tallahassee,30.4383,-84.2807,20.34,32,0,2.24,2021-11-15 21:00:00
643,Tallahassee,30.4383,-84.2807,22.34,31,0,0.85,2021-11-16 21:00:00
644,Tallahassee,30.4383,-84.2807,24.26,44,2,1.81,2021-11-17 21:00:00
645,Montgomery,39.1501,-77.1997,8.53,61,63,6.25,2021-11-13 21:00:00
646,Montgomery,39.1501,-77.1997,8.2,48,91,3.82,2021-11-14 21:00:00
647,Montgomery,39.1501,-77.1997,6.12,49,17,7.1,2021-11-15 21:00:00
648,Montgomery,39.1501,-77.1997,9.19,58,10,0.89,2021-11-16 21:00:00
649,Montgomery,39.1501,-77.1997,15.13,62,21,2.34,2021-11-17 21:00:00
650,Huntington Beach,33.6603,-117.9992,26.58,36,1,2.7,2021-11-13 21:00:00
651,Huntington Beach,33.6603,-117.9992,24.58,34,0,2.43,2021-11-14 21:00:00
652,Huntington Beach,33.6603,-117.9992,22.4,46,2,2.2,2021-11-15 21:00:00
653,Huntington Beach,33.6603,-117.9992,19.68,58,100,3.43,2021-11-16 21:00:00
654,Huntington Beach,33.6603,-117.9992,19.36,66,38,2.72,2021-11-17 21:00:00
655,Akron,41.0814,-81.519,4.47,71,91,7.17,2021-11-13 21:00:00
656,Akron,41.0814,-81.519,0.62,99,100,5.26,2021-11-14 21:00:00
657,Akron,41.0814,-81.519,2.45,76,85,4.31,2021-11-15 21:00:00
658,Akron,41.0814,-81.519,6.41,75,36,2.98,2021-11-16 21:00:00
659,Akron,41.0814,-81.519,16.43,75,79,6.72,2021-11-17 21:00:00
660,Little Rock,34.7465,-92.2896,11.09,44,15,2.7,2021-11-13 21:00:00
661,Little Rock,34.7465,-92.2896,16.03,43,100,2.47,2021-11-14 21:00:00
662,Little Rock,34.7465,-92.2896,18.68,46,0,3.66,2021-11-15 21:00:00
663,Little Rock,34.7465,-92.2896,24.42,53,12,5.26,2021-11-16 21:00:00
664,Little Rock,34.7465,-92.2896,25.07,47,4,6.07,2021-11-17 21:00:00
665,Glendale,33.5387,-112.186,27.97,18,1,0.58,2021-11-13 21:00:00
666,Glendale,33.5387,-112.186,28.1,12,0,0.82,2021-11-14 21:00:00
667,Glendale,33.5387,-112.186,28.06,11,0,0.3,2021-11-15 21:00:00
668,Glendale,33.5387,-112.186,26.68,12,100,1.15,2021-11-16 21:00:00
669,Glendale,33.5387,-112.186,25.3,14,84,1.44,2021-11-17 21:00:00
670,Grand Prairie,32.746,-96.9978,17.96,27,1,2.25,2021-11-13 21:00:00
671,Grand Prairie,32.746,-96.9978,21.33,32,14,1.57,2021-11-14 21:00:00
672,Grand Prairie,32.746,-96.9978,26.6,38,4,4.19,2021-11-15 21:00:00
673,Grand Prairie,32.746,-96.9978,26.9,42,0,7.77,2021-11-16 21:00:00
674,Grand Prairie,32.746,-96.9978,27.76,37,0,6.44,2021-11-17 21:00:00
675,Aurora,39.7294,-104.8319,18.12,23,83,5.75,2021-11-13 21:00:00
676,Aurora,39.7294,-104.8319,19.07,21,49,6.74,2021-11-14 21:00:00
677,Aurora,39.7294,-104.8319,21.36,16,17,1.71,2021-11-15 21:00:00
678,Aurora,39.7294,-104.8319,20.69,11,100,1.48,2021-11-16 21:00:00
679,Aurora,39.7294,-104.8319,3.69,54,89,2.17,2021-11-17 21:00:00
680,Sunrise Manor,36.2111,-115.0731,25.8,24,18,0.89,2021-11-13 21:00:00
681,Sunrise Manor,36.2111,-115.0731,26.26,15,15,0.76,2021-11-14 21:00:00
682,Sunrise Manor,36.2111,-115.0731,25.77,14,45,1.17,2021-11-15 21:00:00
683,Sunrise Manor,36.2111,-115.0731,22.97,15,100,0.51,2021-11-16 21:00:00
684,Sunrise Manor,36.2111,-115.0731,22.25,22,34,3.56,2021-11-17 21:00:00
685,Ontario,34.0633,-117.6509,30.16,19,1,1.1,2021-11-13 21:00:00
686,Ontario,34.0633,-117.6509,30.01,11,0,1.64,2021-11-14 21:00:00
687,Ontario,34.0633,-117.6509,28.35,13,6,2.46,2021-11-15 21:00:00
688,Ontario,34.0633,-117.6509,23.6,22,100,2.23,2021-11-16 21:00:00
689,Ontario,34.0633,-117.6509,23.8,27,21,1.93,2021-11-17 21:00:00
690,Sioux Falls,43.55,-96.7003,-0.41,84,93,5.34,2021-11-13 21:00:00
691,Sioux Falls,43.55,-96.7003,1.62,70,100,1.73,2021-11-14 21:00:00
692,Sioux Falls,43.55,-96.7003,10.12,67,98,2.01,2021-11-15 21:00:00
693,Sioux Falls,43.55,-96.7003,17.6,41,86,4.26,2021-11-16 21:00:00
694,Sioux Falls,43.55,-96.7003,7.24,32,41,8.08,2021-11-17 21:00:00
695,Knoxville,35.9606,-83.9207,9.38,48,3,2.14,2021-11-13 21:00:00
696,Knoxville,35.9606,-83.9207,12.37,45,55,5.34,2021-11-14 21:00:00
697,Knoxville,35.9606,-83.9207,9.74,34,42,1.94,2021-11-15 21:00:00
698,Knoxville,35.9606,-83.9207,15.11,63,93,2.07,2021-11-16 21:00:00
699,Knoxville,35.9606,-83.9207,20.05,49,0,3.75,2021-11-17 21:00:00
700,Vancouver,49.2497,-123.1193,8.33,92,100,2.06,2021-11-13 21:00:00
701,Vancouver,49.2497,-123.1193,10.31,98,100,4.64,2021-11-14 21:00:00
702,Vancouver,49.2497,-123.1193,6.76,87,100,9.89,2021-11-15 21:00:00
703,Vancouver,49.2497,-123.1193,7.24,63,4,4.15,2021-11-16 21:00:00
704,Vancouver,49.2497,-123.1193,6.2,60,100,1.31,2021-11-17 21:00:00
705,Mobile,30.7835,-88.2,14.96,43,1,4.36,2021-11-13 21:00:00
706,Mobile,30.7835,-88.2,18.51,33,0,2.48,2021-11-14 21:00:00
707,Mobile,30.7835,-88.2,21.28,39,3,0.94,2021-11-15 21:00:00
708,Mobile,30.7835,-88.2,22.39,50,0,3.62,2021-11-16 21:00:00
709,Mobile,30.7835,-88.2,23.77,54,0,4.19,2021-11-17 21:00:00
710,Worcester,42.3334,-71.8328,12.91,54,24,5.16,2021-11-13 21:00:00
711,Worcester,42.3334,-71.8328,5.58,66,100,1.63,2021-11-14 21:00:00
712,Worcester,42.3334,-71.8328,4.22,77,95,5.62,2021-11-15 21:00:00
713,Worcester,42.3334,-71.8328,3.51,69,43,4.54,2021-11-16 21:00:00
714,Worcester,42.3334,-71.8328,5.67,72,95,2.36,2021-11-17 21:00:00
715,Chattanooga,35.0456,-85.3097,9.4,46,1,3.86,2021-11-13 21:00:00
716,Chattanooga,35.0456,-85.3097,13.19,51,16,4.26,2021-11-14 21:00:00
717,Chattanooga,35.0456,-85.3097,12.76,33,13,0.64,2021-11-15 21:00:00
718,Chattanooga,35.0456,-85.3097,18.63,64,0,3.03,2021-11-16 21:00:00
719,Chattanooga,35.0456,-85.3097,19.73,56,0,3.39,2021-11-17 21:00:00
720,Brownsville,25.9018,-97.4975,24.56,49,1,6.37,2021-11-13 21:00:00
721,Brownsville,25.9018,-97.4975,26.94,48,20,5.97,2021-11-14 21:00:00
722,Brownsville,25.9018,-97.4975,27.45,50,52,6.25,2021-11-15 21:00:00
723,Brownsville,25.9018,-97.4975,27.75,46,0,8.5,2021-11-16 21:00:00
724,Brownsville,25.9018,-97.4975,28.27,56,100,8.21,2021-11-17 21:00:00
725,Peoria,40.7667,-89.7668,3.79,67,93,5.17,2021-11-13 21:00:00
726,Peoria,40.7667,-89.7668,2.76,58,100,8.99,2021-11-14 21:00:00
727,Peoria,40.7667,-89.7668,4.38,60,97,4.61,2021-11-15 21:00:00
728,Peoria,40.7667,-89.7668,16.71,69,60,5.36,2021-11-16 21:00:00
729,Peoria,40.7667,-89.7668,9.18,85,100,6.46,2021-11-17 21:00:00
730,Fort Lauderdale,26.1223,-80.1434,28.85,62,77,2.3,2021-11-13 21:00:00
731,Fort Lauderdale,26.1223,-80.1434,25.06,49,100,3.42,2021-11-14 21:00:00
732,Fort Lauderdale,26.1223,-80.1434,24.14,48,94,7.05,2021-11-15 21:00:00
733,Fort Lauderdale,26.1223,-80.1434,25.06,55,16,7.78,2021-11-16 21:00:00
734,Fort Lauderdale,26.1223,-80.1434,26.22,56,100,8.0,2021-11-17 21:00:00
735,Shreveport,32.5251,-93.7502,15.27,33,1,2.65,2021-11-13 21:00:00
736,Shreveport,32.5251,-93.7502,21.95,33,6,3.04,2021-11-14 21:00:00
737,Shreveport,32.5251,-93.7502,24.3,51,29,3.13,2021-11-15 21:00:00
738,Shreveport,32.5251,-93.7502,26.28,42,0,5.16,2021-11-16 21:00:00
739,Shreveport,32.5251,-93.7502,26.51,42,5,5.4,2021-11-17 21:00:00
740,Newport News,36.9788,-76.428,17.88,46,1,7.73,2021-11-13 21:00:00
741,Newport News,36.9788,-76.428,13.46,38,3,4.96,2021-11-14 21:00:00
742,Newport News,36.9788,-76.428,11.47,37,5,7.09,2021-11-15 21:00:00
743,Newport News,36.9788,-76.428,13.51,40,6,3.01,2021-11-16 21:00:00
744,Newport News,36.9788,-76.428,18.54,48,0,3.89,2021-11-17 21:00:00
745,Providence,41.824,-71.4128,14.82,53,25,5.12,2021-11-13 21:00:00
746,Providence,41.824,-71.4128,7.77,60,100,2.87,2021-11-14 21:00:00
747,Providence,41.824,-71.4128,7.33,59,57,4.81,2021-11-15 21:00:00
748,Providence,41.824,-71.4128,6.53,57,59,4.18,2021-11-16 21:00:00
749,Providence,41.824,-71.4128,8.35,66,73,2.8,2021-11-17 21:00:00
750,Elk Grove,38.4088,-121.3716,20.97,82,61,1.46,2021-11-13 21:00:00
751,Elk Grove,38.4088,-121.3716,21.35,44,94,1.46,2021-11-14 21:00:00
752,Elk Grove,38.4088,-121.3716,21.27,47,100,1.46,2021-11-15 21:00:00
753,Elk Grove,38.4088,-121.3716,20.09,55,0,3.73,2021-11-16 21:00:00
754,Elk Grove,38.4088,-121.3716,17.63,56,100,0.35,2021-11-17 21:00:00
755,Rancho Cucamonga,34.1064,-117.5931,29.8,19,1,0.37,2021-11-13 21:00:00
756,Rancho Cucamonga,34.1064,-117.5931,29.75,11,0,1.23,2021-11-14 21:00:00
757,Rancho Cucamonga,34.1064,-117.5931,28.13,13,7,2.39,2021-11-15 21:00:00
758,Rancho Cucamonga,34.1064,-117.5931,23.24,22,100,2.18,2021-11-16 21:00:00
759,Rancho Cucamonga,34.1064,-117.5931,23.87,24,28,1.4,2021-11-17 21:00:00
760,Salem,11.65,78.1667,22.67,95,94,0.75,2021-11-13 21:00:00
761,Salem,11.65,78.1667,22.42,98,100,1.02,2021-11-14 21:00:00
762,Salem,11.65,78.1667,22.77,92,100,1.09,2021-11-15 21:00:00
763,Salem,11.65,78.1667,23.1,93,100,1.1,2021-11-16 21:00:00
764,Salem,11.65,78.1667,22.98,98,100,0.78,2021-11-17 21:00:00
765,Pembroke Pines,26.0032,-80.2239,29.92,60,44,2.64,2021-11-13 21:00:00
766,Pembroke Pines,26.0032,-80.2239,25.37,47,100,3.55,2021-11-14 21:00:00
767,Pembroke Pines,26.0032,-80.2239,24.46,43,99,6.69,2021-11-15 21:00:00
768,Pembroke Pines,26.0032,-80.2239,25.3,53,20,7.64,2021-11-16 21:00:00
769,Pembroke Pines,26.0032,-80.2239,26.51,54,100,7.79,2021-11-17 21:00:00
770,Santa Rosa,14.3122,121.1114,26.11,86,57,2.56,2021-11-13 21:00:00
771,Santa Rosa,14.3122,121.1114,25.7,86,49,3.81,2021-11-14 21:00:00
772,Santa Rosa,14.3122,121.1114,25.34,85,62,3.3,2021-11-15 21:00:00
773,Santa Rosa,14.3122,121.1114,25.46,85,100,3.71,2021-11-16 21:00:00
774,Santa Rosa,14.3122,121.1114,25.16,86,100,2.92,2021-11-17 21:00:00
775,Eugene,44.0521,-123.0867,18.32,89,88,1.47,2021-11-13 21:00:00
776,Eugene,44.0521,-123.0867,18.54,70,100,2.76,2021-11-14 21:00:00
777,Eugene,44.0521,-123.0867,15.65,76,100,6.21,2021-11-15 21:00:00
778,Eugene,44.0521,-123.0867,9.46,66,45,1.16,2021-11-16 21:00:00
779,Eugene,44.0521,-123.0867,7.44,67,100,1.42,2021-11-17 21:00:00
780,Oceanside,33.1959,-117.3795,26.71,35,1,2.78,2021-11-13 21:00:00
781,Oceanside,33.1959,-117.3795,24.34,41,0,3.52,2021-11-14 21:00:00
782,Oceanside,33.1959,-117.3795,23.07,44,0,3.05,2021-11-15 21:00:00
783,Oceanside,33.1959,-117.3795,20.02,57,100,3.2,2021-11-16 21:00:00
784,Oceanside,33.1959,-117.3795,19.3,69,97,3.2,2021-11-17 21:00:00
785,Cary,35.7915,-78.7811,17.01,41,1,4.71,2021-11-13 21:00:00
786,Cary,35.7915,-78.7811,14.04,37,0,4.16,2021-11-14 21:00:00
787,Cary,35.7915,-78.7811,11.24,32,3,4.17,2021-11-15 21:00:00
788,Cary,35.7915,-78.7811,15.52,32,0,2.46,2021-11-16 21:00:00
789,Cary,35.7915,-78.7811,19.92,39,0,3.15,2021-11-17 21:00:00
790,Fort Collins,40.5853,-105.0844,17.92,26,25,6.69,2021-11-13 21:00:00
791,Fort Collins,40.5853,-105.0844,19.22,24,72,6.48,2021-11-14 21:00:00
792,Fort Collins,40.5853,-105.0844,21.92,15,71,2.62,2021-11-15 21:00:00
793,Fort Collins,40.5853,-105.0844,19.67,15,97,3.63,2021-11-16 21:00:00
794,Fort Collins,40.5853,-105.0844,5.31,35,16,3.83,2021-11-17 21:00:00
795,Corona,33.8753,-117.5664,30.99,22,1,1.38,2021-11-13 21:00:00
796,Corona,33.8753,-117.5664,30.7,11,0,1.92,2021-11-14 21:00:00
797,Corona,33.8753,-117.5664,29.22,14,2,2.43,2021-11-15 21:00:00
798,Corona,33.8753,-117.5664,24.31,22,100,1.97,2021-11-16 21:00:00
799,Corona,33.8753,-117.5664,24.41,26,36,1.69,2021-11-17 21:00:00
800,Enterprise,36.0252,-115.2419,24.12,25,27,1.35,2021-11-13 21:00:00
801,Enterprise,36.0252,-115.2419,24.67,15,6,1.31,2021-11-14 21:00:00
802,Enterprise,36.0252,-115.2419,25.44,12,48,1.29,2021-11-15 21:00:00
803,Enterprise,36.0252,-115.2419,21.33,16,100,1.06,2021-11-16 21:00:00
804,Enterprise,36.0252,-115.2419,19.99,23,49,2.88,2021-11-17 21:00:00
805,Garden Grove,33.7739,-117.9415,27.96,27,1,2.56,2021-11-13 21:00:00
806,Garden Grove,33.7739,-117.9415,27.91,19,0,2.16,2021-11-14 21:00:00
807,Garden Grove,33.7739,-117.9415,25.56,28,3,2.2,2021-11-15 21:00:00
808,Garden Grove,33.7739,-117.9415,21.79,42,100,3.22,2021-11-16 21:00:00
809,Garden Grove,33.7739,-117.9415,21.32,51,17,2.72,2021-11-17 21:00:00
810,Springfield,37.2153,-93.2982,7.93,55,9,4.16,2021-11-13 21:00:00
811,Springfield,37.2153,-93.2982,9.88,50,99,5.75,2021-11-14 21:00:00
812,Springfield,37.2153,-93.2982,16.76,53,0,6.1,2021-11-15 21:00:00
813,Springfield,37.2153,-93.2982,21.78,61,36,7.15,2021-11-16 21:00:00
814,Springfield,37.2153,-93.2982,17.79,77,100,5.86,2021-11-17 21:00:00
815,Clarksville,36.5298,-87.3595,7.76,53,29,3.81,2021-11-13 21:00:00
816,Clarksville,36.5298,-87.3595,11.91,54,100,5.87,2021-11-14 21:00:00
817,Clarksville,36.5298,-87.3595,11.41,41,22,3.03,2021-11-15 21:00:00
818,Clarksville,36.5298,-87.3595,20.21,68,47,5.77,2021-11-16 21:00:00
819,Clarksville,36.5298,-87.3595,21.03,61,0,6.65,2021-11-17 21:00:00
820,Bayamon,18.3986,-66.1557,29.38,70,59,5.27,2021-11-13 21:00:00
821,Bayamon,18.3986,-66.1557,27.82,73,26,5.27,2021-11-14 21:00:00
822,Bayamon,18.3986,-66.1557,27.93,73,76,5.19,2021-11-15 21:00:00
823,Bayamon,18.3986,-66.1557,27.27,67,16,5.27,2021-11-16 21:00:00
824,Bayamon,18.3986,-66.1557,26.75,78,51,5.69,2021-11-17 21:00:00
825,Lakewood,39.7047,-105.0814,17.76,23,97,3.99,2021-11-13 21:00:00
826,Lakewood,39.7047,-105.0814,18.36,23,96,3.43,2021-11-14 21:00:00
827,Lakewood,39.7047,-105.0814,19.7,19,59,0.26,2021-11-15 21:00:00
828,Lakewood,39.7047,-105.0814,20.15,11,100,0.35,2021-11-16 21:00:00
829,Lakewood,39.7047,-105.0814,4.37,51,80,2.65,2021-11-17 21:00:00
830,Alexandria,31.2156,29.9553,22.35,61,34,3.59,2021-11-13 21:00:00
831,Alexandria,31.2156,29.9553,21.82,72,87,3.98,2021-11-14 21:00:00
832,Alexandria,31.2156,29.9553,21.86,64,0,4.19,2021-11-15 21:00:00
833,Alexandria,31.2156,29.9553,21.24,68,100,3.86,2021-11-16 21:00:00
834,Alexandria,31.2156,29.9553,20.66,73,0,3.7,2021-11-17 21:00:00
835,Hayward,37.6688,-122.0808,22.56,63,27,1.44,2021-11-13 21:00:00
836,Hayward,37.6688,-122.0808,23.03,39,50,1.06,2021-11-14 21:00:00
837,Hayward,37.6688,-122.0808,21.43,45,100,0.86,2021-11-15 21:00:00
838,Hayward,37.6688,-122.0808,17.94,55,3,1.78,2021-11-16 21:00:00
839,Hayward,37.6688,-122.0808,19.21,37,87,0.79,2021-11-17 21:00:00
840,Murfreesboro,35.8456,-86.3903,8.01,49,2,3.24,2021-11-13 21:00:00
841,Murfreesboro,35.8456,-86.3903,12.89,55,71,5.22,2021-11-14 21:00:00
842,Murfreesboro,35.8456,-86.3903,10.79,42,24,2.1,2021-11-15 21:00:00
843,Murfreesboro,35.8456,-86.3903,18.55,71,14,4.8,2021-11-16 21:00:00
844,Murfreesboro,35.8456,-86.3903,19.79,66,0,5.62,2021-11-17 21:00:00
845,Killeen,31.1171,-97.7278,18.9,26,1,2.78,2021-11-13 21:00:00
846,Killeen,31.1171,-97.7278,24.62,41,2,4.34,2021-11-14 21:00:00
847,Killeen,31.1171,-97.7278,26.29,47,3,6.46,2021-11-15 21:00:00
848,Killeen,31.1171,-97.7278,26.13,43,1,9.62,2021-11-16 21:00:00
849,Killeen,31.1171,-97.7278,26.79,42,7,8.37,2021-11-17 21:00:00
850,Hollywood,34.0983,-118.3267,29.85,20,1,1.84,2021-11-13 21:00:00
851,Hollywood,34.0983,-118.3267,29.58,16,0,2.47,2021-11-14 21:00:00
852,Hollywood,34.0983,-118.3267,27.5,20,6,2.32,2021-11-15 21:00:00
853,Hollywood,34.0983,-118.3267,22.81,35,100,3.1,2021-11-16 21:00:00
854,Hollywood,34.0983,-118.3267,22.77,41,6,2.5,2021-11-17 21:00:00
855,Lancaster,40.2504,-76.2499,5.13,82,73,7.36,2021-11-13 21:00:00
856,Lancaster,40.2504,-76.2499,6.04,65,87,3.3,2021-11-14 21:00:00
857,Lancaster,40.2504,-76.2499,4.82,66,41,8.11,2021-11-15 21:00:00
858,Lancaster,40.2504,-76.2499,5.47,66,14,2.44,2021-11-16 21:00:00
859,Lancaster,40.2504,-76.2499,9.02,76,79,1.45,2021-11-17 21:00:00
860,Salinas,36.6777,-121.6555,26.91,49,2,2.31,2021-11-13 21:00:00
861,Salinas,36.6777,-121.6555,27.73,25,5,1.61,2021-11-14 21:00:00
862,Salinas,36.6777,-121.6555,22.86,36,100,1.64,2021-11-15 21:00:00
863,Salinas,36.6777,-121.6555,17.87,67,9,3.29,2021-11-16 21:00:00
864,Salinas,36.6777,-121.6555,21.1,50,55,2.17,2021-11-17 21:00:00
865,Jackson,42.4165,-122.8345,19.56,80,76,0.79,2021-11-13 21:00:00
866,Jackson,42.4165,-122.8345,18.32,55,100,0.9,2021-11-14 21:00:00
867,Jackson,42.4165,-122.8345,17.79,46,100,2.26,2021-11-15 21:00:00
868,Jackson,42.4165,-122.8345,9.37,53,14,0.9,2021-11-16 21:00:00
869,Jackson,42.4165,-122.8345,11.5,38,100,0.34,2021-11-17 21:00:00
870,Midland,31.9974,-102.0779,22.31,29,1,7.53,2021-11-13 21:00:00
871,Midland,31.9974,-102.0779,23.13,18,1,3.11,2021-11-14 21:00:00
872,Midland,31.9974,-102.0779,27.13,10,13,7.12,2021-11-15 21:00:00
873,Midland,31.9974,-102.0779,29.5,9,0,9.23,2021-11-16 21:00:00
874,Midland,31.9974,-102.0779,26.41,11,71,5.43,2021-11-17 21:00:00
875,Macon County,39.8667,-88.9668,3.59,66,93,5.09,2021-11-13 21:00:00
876,Macon County,39.8667,-88.9668,3.46,59,87,9.5,2021-11-14 21:00:00
877,Macon County,39.8667,-88.9668,6.21,51,99,4.86,2021-11-15 21:00:00
878,Macon County,39.8667,-88.9668,18.23,63,20,5.5,2021-11-16 21:00:00
879,Macon County,39.8667,-88.9668,16.51,80,100,7.39,2021-11-17 21:00:00
880,Kansas City,39.0997,-94.5786,8.12,51,26,4.08,2021-11-13 21:00:00
881,Kansas City,39.0997,-94.5786,9.61,50,92,5.34,2021-11-14 21:00:00
882,Kansas City,39.0997,-94.5786,17.93,49,74,5.73,2021-11-15 21:00:00
883,Kansas City,39.0997,-94.5786,21.26,65,91,7.14,2021-11-16 21:00:00
884,Kansas City,39.0997,-94.5786,8.98,60,100,6.43,2021-11-17 21:00:00
885,Palmdale,34.5794,-118.1165,25.12,25,0,3.54,2021-11-13 21:00:00
886,Palmdale,34.5794,-118.1165,25.25,17,0,1.95,2021-11-14 21:00:00
887,Palmdale,34.5794,-118.1165,26.84,12,26,4.34,2021-11-15 21:00:00
888,Palmdale,34.5794,-118.1165,22.07,20,100,5.16,2021-11-16 21:00:00
889,Palmdale,34.5794,-118.1165,20.32,26,7,2.86,2021-11-17 21:00:00
890,Sunnyvale,37.3688,-122.0363,23.06,61,7,1.69,2021-11-13 21:00:00
891,Sunnyvale,37.3688,-122.0363,24.06,32,38,1.12,2021-11-14 21:00:00
892,Sunnyvale,37.3688,-122.0363,22.79,40,100,1.35,2021-11-15 21:00:00
893,Sunnyvale,37.3688,-122.0363,19.11,45,0,2.34,2021-11-16 21:00:00
894,Sunnyvale,37.3688,-122.0363,20.3,42,89,0.72,2021-11-17 21:00:00
895,Springfield,37.2153,-93.2982,7.93,55,9,4.16,2021-11-13 21:00:00
896,Springfield,37.2153,-93.2982,9.88,50,99,5.75,2021-11-14 21:00:00
897,Springfield,37.2153,-93.2982,16.76,53,0,6.1,2021-11-15 21:00:00
898,Springfield,37.2153,-93.2982,21.78,61,36,7.15,2021-11-16 21:00:00
899,Springfield,37.2153,-93.2982,17.79,77,100,5.86,2021-11-17 21:00:00
900,Escondido,33.1192,-117.0864,28.74,22,1,3.64,2021-11-13 21:00:00
901,Escondido,33.1192,-117.0864,28.98,18,0,4.49,2021-11-14 21:00:00
902,Escondido,33.1192,-117.0864,27.32,21,0,3.44,2021-11-15 21:00:00
903,Escondido,33.1192,-117.0864,22.71,33,100,3.52,2021-11-16 21:00:00
904,Escondido,33.1192,-117.0864,22.14,43,91,3.7,2021-11-17 21:00:00
905,Pomona,34.0553,-117.7523,30.39,19,1,1.7,2021-11-13 21:00:00
906,Pomona,34.0553,-117.7523,30.18,11,0,2.06,2021-11-14 21:00:00
907,Pomona,34.0553,-117.7523,28.39,14,7,2.76,2021-11-15 21:00:00
908,Pomona,34.0553,-117.7523,23.68,24,100,2.67,2021-11-16 21:00:00
909,Pomona,34.0553,-117.7523,23.69,30,6,2.6,2021-11-17 21:00:00
910,Bellevue,47.6104,-122.2007,9.79,90,83,1.54,2021-11-13 21:00:00
911,Bellevue,47.6104,-122.2007,14.96,93,100,5.97,2021-11-14 21:00:00
912,Bellevue,47.6104,-122.2007,12.41,87,100,5.15,2021-11-15 21:00:00
913,Bellevue,47.6104,-122.2007,8.82,64,54,1.56,2021-11-16 21:00:00
914,Bellevue,47.6104,-122.2007,7.15,59,100,2.32,2021-11-17 21:00:00
915,Surprise,33.6306,-112.3332,28.37,17,1,1.17,2021-11-13 21:00:00
916,Surprise,33.6306,-112.3332,28.43,12,0,0.8,2021-11-14 21:00:00
917,Surprise,33.6306,-112.3332,28.34,11,0,0.73,2021-11-15 21:00:00
918,Surprise,33.6306,-112.3332,26.66,12,100,1.72,2021-11-16 21:00:00
919,Surprise,33.6306,-112.3332,25.22,14,86,1.55,2021-11-17 21:00:00
920,Naperville,41.7859,-88.1473,3.35,66,93,4.95,2021-11-13 21:00:00
921,Naperville,41.7859,-88.1473,2.14,76,100,8.34,2021-11-14 21:00:00
922,Naperville,41.7859,-88.1473,1.79,64,100,3.26,2021-11-15 21:00:00
923,Naperville,41.7859,-88.1473,11.03,76,67,3.74,2021-11-16 21:00:00
924,Naperville,41.7859,-88.1473,10.72,94,100,4.73,2021-11-17 21:00:00
925,Pasadena,29.6911,-95.2091,19.32,31,31,4.15,2021-11-13 21:00:00
926,Pasadena,29.6911,-95.2091,23.43,43,1,2.43,2021-11-14 21:00:00
927,Pasadena,29.6911,-95.2091,25.79,50,22,4.64,2021-11-15 21:00:00
928,Pasadena,29.6911,-95.2091,25.89,49,1,6.27,2021-11-16 21:00:00
929,Pasadena,29.6911,-95.2091,24.55,59,95,4.53,2021-11-17 21:00:00
930,Denton,33.2001,-97.1336,16.62,32,1,3.3,2021-11-13 21:00:00
931,Denton,33.2001,-97.1336,20.34,40,24,3.04,2021-11-14 21:00:00
932,Denton,33.2001,-97.1336,24.86,38,13,4.27,2021-11-15 21:00:00
933,Denton,33.2001,-97.1336,26.67,44,0,9.26,2021-11-16 21:00:00
934,Denton,33.2001,-97.1336,27.4,39,0,7.63,2021-11-17 21:00:00
935,Roseville,38.7521,-121.288,21.13,75,60,1.4,2021-11-13 21:00:00
936,Roseville,38.7521,-121.288,21.33,41,100,1.53,2021-11-14 21:00:00
937,Roseville,38.7521,-121.288,21.12,44,100,1.66,2021-11-15 21:00:00
938,Roseville,38.7521,-121.288,19.98,55,0,2.5,2021-11-16 21:00:00
939,Roseville,38.7521,-121.288,17.67,53,100,1.14,2021-11-17 21:00:00
940,Joliet,41.525,-88.0817,3.77,67,93,4.89,2021-11-13 21:00:00
941,Joliet,41.525,-88.0817,2.33,80,100,8.87,2021-11-14 21:00:00
942,Joliet,41.525,-88.0817,1.8,70,100,3.06,2021-11-15 21:00:00
943,Joliet,41.525,-88.0817,12.1,76,29,3.84,2021-11-16 21:00:00
944,Joliet,41.525,-88.0817,14.64,91,100,3.89,2021-11-17 21:00:00
945,Thornton,39.868,-104.9719,18.3,22,83,6.79,2021-11-13 21:00:00
946,Thornton,39.868,-104.9719,19.06,21,55,6.49,2021-11-14 21:00:00
947,Thornton,39.868,-104.9719,20.61,17,62,3.0,2021-11-15 21:00:00
948,Thornton,39.868,-104.9719,20.94,11,100,2.2,2021-11-16 21:00:00
949,Thornton,39.868,-104.9719,4.3,47,76,3.06,2021-11-17 21:00:00
950,McAllen,26.2034,-98.23,25.28,42,74,4.93,2021-11-13 21:00:00
951,McAllen,26.2034,-98.23,28.69,43,1,4.59,2021-11-14 21:00:00
952,McAllen,26.2034,-98.23,29.52,40,1,5.61,2021-11-15 21:00:00
953,McAllen,26.2034,-98.23,29.4,35,0,7.78,2021-11-16 21:00:00
954,McAllen,26.2034,-98.23,30.02,36,94,7.6,2021-11-17 21:00:00
955,Paterson,40.9168,-74.1718,13.22,69,76,6.53,2021-11-13 21:00:00
956,Paterson,40.9168,-74.1718,7.07,55,85,3.52,2021-11-14 21:00:00
957,Paterson,40.9168,-74.1718,7.14,55,66,5.68,2021-11-15 21:00:00
958,Paterson,40.9168,-74.1718,8.11,46,19,4.15,2021-11-16 21:00:00
959,Paterson,40.9168,-74.1718,10.32,59,100,1.21,2021-11-17 21:00:00
960,Rockford,42.2711,-89.094,2.6,62,92,6.05,2021-11-13 21:00:00
961,Rockford,42.2711,-89.094,1.98,73,100,7.88,2021-11-14 21:00:00
962,Rockford,42.2711,-89.094,0.36,90,100,3.55,2021-11-15 21:00:00
963,Rockford,42.2711,-89.094,10.63,77,52,5.54,2021-11-16 21:00:00
964,Rockford,42.2711,-89.094,8.69,69,100,4.0,2021-11-17 21:00:00
965,Carrollton,32.9537,-96.8903,16.87,29,1,2.21,2021-11-13 21:00:00
966,Carrollton,32.9537,-96.8903,20.74,37,42,1.46,2021-11-14 21:00:00
967,Carrollton,32.9537,-96.8903,25.64,38,6,3.94,2021-11-15 21:00:00
968,Carrollton,32.9537,-96.8903,26.54,44,0,8.06,2021-11-16 21:00:00
969,Carrollton,32.9537,-96.8903,27.45,39,0,6.69,2021-11-17 21:00:00
970,Bridgeport,41.167,-73.2048,13.5,74,29,12.28,2021-11-13 21:00:00
971,Bridgeport,41.167,-73.2048,8.26,55,100,4.39,2021-11-14 21:00:00
972,Bridgeport,41.167,-73.2048,7.7,61,77,7.53,2021-11-15 21:00:00
973,Bridgeport,41.167,-73.2048,8.39,48,11,5.25,2021-11-16 21:00:00
974,Bridgeport,41.167,-73.2048,11.32,67,100,3.61,2021-11-17 21:00:00
975,Miramar,25.9873,-80.2323,29.98,60,45,2.65,2021-11-13 21:00:00
976,Miramar,25.9873,-80.2323,25.41,47,100,3.53,2021-11-14 21:00:00
977,Miramar,25.9873,-80.2323,24.47,43,99,6.68,2021-11-15 21:00:00
978,Miramar,25.9873,-80.2323,25.32,52,22,7.63,2021-11-16 21:00:00
979,Miramar,25.9873,-80.2323,26.51,54,100,7.76,2021-11-17 21:00:00
980,Round Rock,30.5083,-97.6789,18.95,29,1,1.76,2021-11-13 21:00:00
981,Round Rock,30.5083,-97.6789,24.19,43,7,4.42,2021-11-14 21:00:00
982,Round Rock,30.5083,-97.6789,26.09,49,5,6.29,2021-11-15 21:00:00
983,Round Rock,30.5083,-97.6789,26.19,43,0,8.35,2021-11-16 21:00:00
984,Round Rock,30.5083,-97.6789,26.93,43,6,7.38,2021-11-17 21:00:00
985,Metairie,29.9841,-90.1528,15.38,46,1,6.28,2021-11-13 21:00:00
986,Metairie,29.9841,-90.1528,17.81,39,0,2.27,2021-11-14 21:00:00
987,Metairie,29.9841,-90.1528,19.89,50,2,1.27,2021-11-15 21:00:00
988,Metairie,29.9841,-90.1528,23.45,53,0,2.37,2021-11-16 21:00:00
989,Metairie,29.9841,-90.1528,22.4,65,100,3.22,2021-11-17 21:00:00
990,Olathe,38.8814,-94.8191,8.21,52,22,4.59,2021-11-13 21:00:00
991,Olathe,38.8814,-94.8191,9.88,50,96,4.95,2021-11-14 21:00:00
992,Olathe,38.8814,-94.8191,18.25,48,41,6.41,2021-11-15 21:00:00
993,Olathe,38.8814,-94.8191,21.08,65,86,7.69,2021-11-16 21:00:00
994,Olathe,38.8814,-94.8191,8.84,60,100,7.38,2021-11-17 21:00:00
995,Waco,31.5493,-97.1467,18.31,27,1,2.2,2021-11-13 21:00:00
996,Waco,31.5493,-97.1467,24.19,41,2,3.93,2021-11-14 21:00:00
997,Waco,31.5493,-97.1467,26.31,49,0,6.6,2021-11-15 21:00:00
998,Waco,31.5493,-97.1467,26.45,45,1,9.61,2021-11-16 21:00:00
999,Waco,31.5493,-97.1467,27.32,43,0,8.73,2021-11-17 21:00:00
