City,Lat,Lng,Max Temp,Humidity,Cloudiness,Wind Speed,Date
New York City,40.7143,-74.006,12.17,83,18,3.58,2021-11-18 03:00:00
New York City,40.7143,-74.006,12.01,75,95,6.68,2021-11-19 03:00:00
New York City,40.7143,-74.006,5.49,58,13,4.93,2021-11-20 03:00:00
New York City,40.7143,-74.006,7.69,57,100,3.72,2021-11-21 03:00:00
New York City,40.7143,-74.006,12.33,84,100,4.59,2021-11-22 03:00:00
Los Angeles,34.0522,-118.2437,18.45,63,15,1.85,2021-11-18 03:00:00
Los Angeles,34.0522,-118.2437,18.27,55,98,1.21,2021-11-19 03:00:00
Los Angeles,34.0522,-118.2437,17.68,56,100,1.41,2021-11-20 03:00:00
Los Angeles,34.0522,-118.2437,18.35,46,56,1.45,2021-11-21 03:00:00
Los Angeles,34.0522,-118.2437,21.0,17,26,2.88,2021-11-22 03:00:00
Chicago,41.85,-87.65,8.28,65,92,5.75,2021-11-18 03:00:00
Chicago,41.85,-87.65,1.4,45,18,6.2,2021-11-19 03:00:00
Chicago,41.85,-87.65,3.29,46,100,5.55,2021-11-20 03:00:00
Chicago,41.85,-87.65,7.64,54,100,2.73,2021-11-21 03:00:00
Chicago,41.85,-87.65,5.27,56,31,6.93,2021-11-22 03:00:00
Houston,29.7633,-95.3633,23.72,74,13,2.69,2021-11-18 03:00:00
Houston,29.7633,-95.3633,16.68,55,100,4.7,2021-11-19 03:00:00
Houston,29.7633,-95.3633,16.32,53,0,2.56,2021-11-20 03:00:00
Houston,29.7633,-95.3633,19.61,78,33,2.76,2021-11-21 03:00:00
Houston,29.7633,-95.3633,19.04,75,85,4.6,2021-11-22 03:00:00
Phoenix,33.4484,-112.074,23.92,18,59,0.1,2021-11-18 03:00:00
Phoenix,33.4484,-112.074,23.17,16,91,2.39,2021-11-19 03:00:00
Phoenix,33.4484,-112.074,23.11,17,100,1.1,2021-11-20 03:00:00
Phoenix,33.4484,-112.074,22.59,17,100,1.15,2021-11-21 03:00:00
Phoenix,33.4484,-112.074,22.8,12,100,5.43,2021-11-22 03:00:00
Philadelphia,39.9523,-75.1638,12.21,82,53,3.36,2021-11-18 03:00:00
Philadelphia,39.9523,-75.1638,11.18,75,100,5.41,2021-11-19 03:00:00
Philadelphia,39.9523,-75.1638,5.75,50,84,3.55,2021-11-20 03:00:00
Philadelphia,39.9523,-75.1638,6.48,65,100,2.03,2021-11-21 03:00:00
Philadelphia,39.9523,-75.1638,11.89,86,100,4.29,2021-11-22 03:00:00
San Antonio,29.4241,-98.4936,22.79,62,8,2.81,2021-11-18 03:00:00
San Antonio,29.4241,-98.4936,13.21,31,67,4.3,2021-11-19 03:00:00
San Antonio,29.4241,-98.4936,14.8,63,0,2.76,2021-11-20 03:00:00
San Antonio,29.4241,-98.4936,21.11,78,98,4.01,2021-11-21 03:00:00
San Antonio,29.4241,-98.4936,18.46,38,100,7.56,2021-11-22 03:00:00
San Diego,32.7153,-117.1573,18.56,73,50,1.18,2021-11-18 03:00:00
San Diego,32.7153,-117.1573,18.08,71,100,2.2,2021-11-19 03:00:00
San Diego,32.7153,-117.1573,17.75,69,100,1.81,2021-11-20 03:00:00
San Diego,32.7153,-117.1573,17.79,67,92,2.23,2021-11-21 03:00:00
San Diego,32.7153,-117.1573,21.24,27,100,3.21,2021-11-22 03:00:00
Dallas,32.7668,-96.7836,18.88,43,29,6.86,2021-11-18 03:00:00
Dallas,32.7668,-96.7836,12.16,26,0,3.46,2021-11-19 03:00:00
Dallas,32.7668,-96.7836,13.32,34,51,3.6,2021-11-20 03:00:00
Dallas,32.7668,-96.7836,20.25,71,100,6.29,2021-11-21 03:00:00
Dallas,32.7668,-96.7836,15.22,39,100,4.86,2021-11-22 03:00:00
Austin,30.2672,-97.7431,23.06,66,3,2.31,2021-11-18 03:00:00
Austin,30.2672,-97.7431,13.66,27,43,4.61,2021-11-19 03:00:00
Austin,30.2672,-97.7431,14.75,58,0,2.79,2021-11-20 03:00:00
Austin,30.2672,-97.7431,20.94,73,100,4.52,2021-11-21 03:00:00
Austin,30.2672,-97.7431,16.41,44,99,6.58,2021-11-22 03:00:00
San Jose,37.3394,-121.895,16.98,54,51,0.87,2021-11-18 03:00:00
San Jose,37.3394,-121.895,15.07,64,100,0.85,2021-11-19 03:00:00
San Jose,37.3394,-121.895,12.62,84,78,1.41,2021-11-20 03:00:00
San Jose,37.3394,-121.895,12.6,47,0,1.27,2021-11-21 03:00:00
San Jose,37.3394,-121.895,14.1,58,0,0.95,2021-11-22 03:00:00
Fort Worth,32.7254,-97.3208,17.46,41,29,7.63,2021-11-18 03:00:00
Fort Worth,32.7254,-97.3208,11.44,24,0,3.65,2021-11-19 03:00:00
Fort Worth,32.7254,-97.3208,12.81,37,58,4.56,2021-11-20 03:00:00
Fort Worth,32.7254,-97.3208,20.19,71,100,7.68,2021-11-21 03:00:00
Fort Worth,32.7254,-97.3208,14.69,35,100,4.86,2021-11-22 03:00:00
Jacksonville,30.3322,-81.6556,19.55,80,32,2.08,2021-11-18 03:00:00
Jacksonville,30.3322,-81.6556,20.97,76,100,0.38,2021-11-19 03:00:00
Jacksonville,30.3322,-81.6556,18.58,67,96,5.11,2021-11-20 03:00:00
Jacksonville,30.3322,-81.6556,18.13,76,37,3.1,2021-11-21 03:00:00
Jacksonville,30.3322,-81.6556,18.92,78,100,1.64,2021-11-22 03:00:00
Columbus,39.9612,-82.9988,17.66,70,83,7.29,2021-11-18 03:00:00
Columbus,39.9612,-82.9988,3.63,48,3,4.67,2021-11-19 03:00:00
Columbus,39.9612,-82.9988,3.36,48,100,2.72,2021-11-20 03:00:00
Columbus,39.9612,-82.9988,7.67,58,100,2.95,2021-11-21 03:00:00
Columbus,39.9612,-82.9988,8.68,94,100,3.05,2021-11-22 03:00:00
Charlotte,35.2271,-80.8431,15.12,57,1,2.99,2021-11-18 03:00:00
Charlotte,35.2271,-80.8431,17.31,65,83,3.23,2021-11-19 03:00:00
Charlotte,35.2271,-80.8431,6.44,36,0,3.02,2021-11-20 03:00:00
Charlotte,35.2271,-80.8431,5.76,42,95,1.3,2021-11-21 03:00:00
Charlotte,35.2271,-80.8431,10.94,70,100,1.8,2021-11-22 03:00:00
Indianapolis,39.7684,-86.158,14.06,88,93,4.68,2021-11-18 03:00:00
Indianapolis,39.7684,-86.158,2.77,46,7,4.83,2021-11-19 03:00:00
Indianapolis,39.7684,-86.158,2.71,51,100,3.22,2021-11-20 03:00:00
Indianapolis,39.7684,-86.158,7.03,64,100,2.83,2021-11-21 03:00:00
Indianapolis,39.7684,-86.158,6.51,84,99,3.02,2021-11-22 03:00:00
San Francisco,37.7749,-122.4194,16.55,53,60,2.19,2021-11-18 03:00:00
San Francisco,37.7749,-122.4194,14.27,69,99,1.38,2021-11-19 03:00:00
San Francisco,37.7749,-122.4194,13.21,84,15,2.22,2021-11-20 03:00:00
San Francisco,37.7749,-122.4194,14.47,58,0,2.2,2021-11-21 03:00:00
San Francisco,37.7749,-122.4194,14.47,53,0,3.11,2021-11-22 03:00:00
Seattle,47.6062,-122.3321,6.19,68,100,1.53,2021-11-18 03:00:00
Seattle,47.6062,-122.3321,4.75,96,100,2.15,2021-11-19 03:00:00
Seattle,47.6062,-122.3321,5.18,87,39,0.79,2021-11-20 03:00:00
Seattle,47.6062,-122.3321,5.75,86,100,1.05,2021-11-21 03:00:00
Seattle,47.6062,-122.3321,5.2,83,100,1.08,2021-11-22 03:00:00
Denver,39.7392,-104.9847,2.3,39,8,3.18,2021-11-18 03:00:00
Denver,39.7392,-104.9847,6.66,8,45,1.66,2021-11-19 03:00:00
Denver,39.7392,-104.9847,10.65,25,98,1.9,2021-11-20 03:00:00
Denver,39.7392,-104.9847,7.12,57,100,1.49,2021-11-21 03:00:00
Denver,39.7392,-104.9847,7.92,26,2,1.96,2021-11-22 03:00:00
Washington,47.5001,-120.5015,0.9,63,97,0.46,2021-11-18 03:00:00
Washington,47.5001,-120.5015,0.1,89,100,0.65,2021-11-19 03:00:00
Washington,47.5001,-120.5015,-0.51,93,45,1.08,2021-11-20 03:00:00
Washington,47.5001,-120.5015,0.47,92,100,0.92,2021-11-21 03:00:00
Washington,47.5001,-120.5015,0.05,92,100,0.87,2021-11-22 03:00:00
Boston,42.3584,-71.0598,8.79,72,100,4.12,2021-11-18 03:00:00
Boston,42.3584,-71.0598,14.82,77,98,4.56,2021-11-19 03:00:00
Boston,42.3584,-71.0598,3.22,55,6,4.71,2021-11-20 03:00:00
Boston,42.3584,-71.0598,4.16,56,99,2.79,2021-11-21 03:00:00
Boston,42.3584,-71.0598,11.15,84,100,4.75,2021-11-22 03:00:00
El Paso,31.8001,-106.2005,18.9,16,93,2.95,2021-11-18 03:00:00
El Paso,31.8001,-106.2005,9.51,26,0,4.09,2021-11-19 03:00:00
El Paso,31.8001,-106.2005,13.9,36,47,0.99,2021-11-20 03:00:00
El Paso,31.8001,-106.2005,16.78,22,93,2.65,2021-11-21 03:00:00
El Paso,31.8001,-106.2005,12.97,38,100,5.1,2021-11-22 03:00:00
Nashville,36.1659,-86.7844,18.06,70,59,4.13,2021-11-18 03:00:00
Nashville,36.1659,-86.7844,5.32,48,0,1.72,2021-11-19 03:00:00
Nashville,36.1659,-86.7844,5.43,52,99,1.93,2021-11-20 03:00:00
Nashville,36.1659,-86.7844,10.52,50,98,4.44,2021-11-21 03:00:00
Nashville,36.1659,-86.7844,14.48,97,100,3.9,2021-11-22 03:00:00
Oklahoma City,35.4676,-97.5164,11.11,27,76,8.06,2021-11-18 03:00:00
Oklahoma City,35.4676,-97.5164,5.77,29,3,3.16,2021-11-19 03:00:00
Oklahoma City,35.4676,-97.5164,9.4,35,100,7.52,2021-11-20 03:00:00
Oklahoma City,35.4676,-97.5164,17.8,67,90,8.77,2021-11-21 03:00:00
Oklahoma City,35.4676,-97.5164,8.26,52,0,3.89,2021-11-22 03:00:00
Las Vegas,36.175,-115.1372,18.44,18,12,1.25,2021-11-18 03:00:00
Las Vegas,36.175,-115.1372,14.41,18,100,1.07,2021-11-19 03:00:00
Las Vegas,36.175,-115.1372,14.8,23,79,1.08,2021-11-20 03:00:00
Las Vegas,36.175,-115.1372,15.7,27,68,3.87,2021-11-21 03:00:00
Las Vegas,36.175,-115.1372,13.76,21,0,3.09,2021-11-22 03:00:00
Detroit,42.3314,-83.0458,13.92,86,100,5.03,2021-11-18 03:00:00
Detroit,42.3314,-83.0458,1.44,68,84,4.94,2021-11-19 03:00:00
Detroit,42.3314,-83.0458,3.07,55,100,2.18,2021-11-20 03:00:00
Detroit,42.3314,-83.0458,4.92,64,100,2.71,2021-11-21 03:00:00
Detroit,42.3314,-83.0458,6.33,74,98,5.2,2021-11-22 03:00:00
Portland,45.5234,-122.6762,9.5,51,75,3.92,2021-11-18 00:00:00
Portland,45.5234,-122.6762,6.41,81,100,1.22,2021-11-19 00:00:00
Portland,45.5234,-122.6762,7.99,88,100,1.27,2021-11-20 00:00:00
Portland,45.5234,-122.6762,9.07,71,89,1.0,2021-11-21 00:00:00
Portland,45.5234,-122.6762,8.11,66,100,0.97,2021-11-22 00:00:00
Memphis,35.1495,-90.049,21.16,62,58,6.73,2021-11-18 03:00:00
Memphis,35.1495,-90.049,6.78,34,0,2.71,2021-11-19 03:00:00
Memphis,35.1495,-90.049,7.1,43,71,2.98,2021-11-20 03:00:00
Memphis,35.1495,-90.049,12.77,53,100,3.83,2021-11-21 03:00:00
Memphis,35.1495,-90.049,14.97,95,100,4.42,2021-11-22 03:00:00
Louisville,38.2542,-85.7594,18.53,71,93,5.22,2021-11-18 03:00:00
Louisville,38.2542,-85.7594,4.02,46,0,2.87,2021-11-19 03:00:00
Louisville,38.2542,-85.7594,4.62,50,100,2.4,2021-11-20 03:00:00
Louisville,38.2542,-85.7594,10.27,62,100,3.6,2021-11-21 03:00:00
Louisville,38.2542,-85.7594,10.52,92,100,4.33,2021-11-22 03:00:00
Milwaukee,43.0006,-87.9668,7.31,42,77,5.92,2021-11-18 03:00:00
Milwaukee,43.0006,-87.9668,-1.02,56,11,6.16,2021-11-19 03:00:00
Milwaukee,43.0006,-87.9668,1.3,51,100,5.26,2021-11-20 03:00:00
Milwaukee,43.0006,-87.9668,6.19,60,100,2.54,2021-11-21 03:00:00
Milwaukee,43.0006,-87.9668,0.34,44,68,8.38,2021-11-22 03:00:00
Baltimore,39.2904,-76.6122,12.93,85,29,3.15,2021-11-18 03:00:00
Baltimore,39.2904,-76.6122,9.56,80,100,6.5,2021-11-19 03:00:00
Baltimore,39.2904,-76.6122,4.57,57,86,3.54,2021-11-20 03:00:00
Baltimore,39.2904,-76.6122,6.12,62,100,2.62,2021-11-21 03:00:00
Baltimore,39.2904,-76.6122,11.49,76,100,4.73,2021-11-22 03:00:00
Albuquerque,35.0845,-106.6511,13.68,23,1,3.37,2021-11-18 03:00:00
Albuquerque,35.0845,-106.6511,6.56,39,22,1.39,2021-11-19 03:00:00
Albuquerque,35.0845,-106.6511,9.6,38,25,1.77,2021-11-20 03:00:00
Albuquerque,35.0845,-106.6511,11.82,26,68,4.18,2021-11-21 03:00:00
Albuquerque,35.0845,-106.6511,7.36,35,0,0.9,2021-11-22 03:00:00
Tucson,32.2217,-110.9265,21.97,22,93,1.48,2021-11-18 00:00:00
Tucson,32.2217,-110.9265,22.63,18,4,5.68,2021-11-19 00:00:00
Tucson,32.2217,-110.9265,23.79,16,97,2.28,2021-11-20 00:00:00
Tucson,32.2217,-110.9265,22.82,16,95,3.22,2021-11-21 00:00:00
Tucson,32.2217,-110.9265,22.84,17,100,3.0,2021-11-22 00:00:00
Mesa,33.4223,-111.8226,22.91,19,12,0.03,2021-11-18 03:00:00
Mesa,33.4223,-111.8226,21.73,19,97,3.36,2021-11-19 03:00:00
Mesa,33.4223,-111.8226,21.82,19,100,1.29,2021-11-20 03:00:00
Mesa,33.4223,-111.8226,20.99,19,100,1.38,2021-11-21 03:00:00
Mesa,33.4223,-111.8226,20.55,15,99,4.68,2021-11-22 03:00:00
Fresno,36.6666,-119.8343,17.02,53,72,1.44,2021-11-18 03:00:00
Fresno,36.6666,-119.8343,17.37,43,100,2.56,2021-11-19 03:00:00
Fresno,36.6666,-119.8343,16.0,53,92,4.29,2021-11-20 03:00:00
Fresno,36.6666,-119.8343,14.33,54,0,2.97,2021-11-21 03:00:00
Fresno,36.6666,-119.8343,15.47,47,0,1.9,2021-11-22 03:00:00
Sacramento,38.4666,-121.3177,13.95,72,24,1.31,2021-11-18 03:00:00
Sacramento,38.4666,-121.3177,14.09,64,100,0.59,2021-11-19 03:00:00
Sacramento,38.4666,-121.3177,12.53,82,98,1.76,2021-11-20 03:00:00
Sacramento,38.4666,-121.3177,12.14,58,0,2.57,2021-11-21 03:00:00
Sacramento,38.4666,-121.3177,11.71,51,0,1.6,2021-11-22 03:00:00
Atlanta,33.749,-84.388,15.35,61,1,1.54,2021-11-18 03:00:00
Atlanta,33.749,-84.388,11.51,65,100,5.43,2021-11-19 03:00:00
Atlanta,33.749,-84.388,11.29,33,0,3.69,2021-11-20 03:00:00
Atlanta,33.749,-84.388,8.8,36,21,3.6,2021-11-21 03:00:00
Atlanta,33.749,-84.388,12.99,77,99,2.32,2021-11-22 03:00:00
Kansas City,39.0997,-94.5786,7.87,37,52,4.39,2021-11-18 03:00:00
Kansas City,39.0997,-94.5786,2.31,36,43,1.16,2021-11-19 03:00:00
Kansas City,39.0997,-94.5786,7.82,43,100,5.88,2021-11-20 03:00:00
Kansas City,39.0997,-94.5786,10.57,75,100,1.75,2021-11-21 03:00:00
Kansas City,39.0997,-94.5786,5.68,67,9,3.04,2021-11-22 03:00:00
Colorado Springs,38.8339,-104.8214,-1.08,56,14,2.49,2021-11-18 03:00:00
Colorado Springs,38.8339,-104.8214,3.52,20,65,1.85,2021-11-19 03:00:00
Colorado Springs,38.8339,-104.8214,6.94,35,29,1.1,2021-11-20 03:00:00
Colorado Springs,38.8339,-104.8214,5.42,69,100,4.15,2021-11-21 03:00:00
Colorado Springs,38.8339,-104.8214,3.36,45,7,2.14,2021-11-22 03:00:00
Raleigh,35.7721,-78.6386,14.81,61,1,3.92,2021-11-18 03:00:00
Raleigh,35.7721,-78.6386,17.14,71,38,3.52,2021-11-19 03:00:00
Raleigh,35.7721,-78.6386,5.51,42,0,3.05,2021-11-20 03:00:00
Raleigh,35.7721,-78.6386,6.11,59,72,1.49,2021-11-21 03:00:00
Raleigh,35.7721,-78.6386,11.3,82,100,2.22,2021-11-22 03:00:00
Omaha,41.2586,-95.9378,5.31,38,1,6.09,2021-11-18 03:00:00
Omaha,41.2586,-95.9378,1.36,38,37,1.81,2021-11-19 03:00:00
Omaha,41.2586,-95.9378,6.67,46,100,5.08,2021-11-20 03:00:00
Omaha,41.2586,-95.9378,7.14,60,100,2.7,2021-11-21 03:00:00
Omaha,41.2586,-95.9378,4.02,51,100,5.27,2021-11-22 03:00:00
Miami,25.7743,-80.1937,25.26,77,97,7.85,2021-11-18 03:00:00
Miami,25.7743,-80.1937,24.27,80,100,3.4,2021-11-19 03:00:00
Miami,25.7743,-80.1937,24.33,71,100,9.1,2021-11-20 03:00:00
Miami,25.7743,-80.1937,24.19,80,100,7.38,2021-11-21 03:00:00
Miami,25.7743,-80.1937,24.43,82,0,3.74,2021-11-22 03:00:00
Long Beach,33.767,-118.1892,17.97,73,14,2.39,2021-11-18 03:00:00
Long Beach,33.767,-118.1892,17.59,68,100,2.04,2021-11-19 03:00:00
Long Beach,33.767,-118.1892,17.47,64,100,1.94,2021-11-20 03:00:00
Long Beach,33.767,-118.1892,17.95,60,58,2.48,2021-11-21 03:00:00
Long Beach,33.767,-118.1892,21.98,24,66,4.45,2021-11-22 03:00:00
Virginia Beach,36.8529,-75.978,16.27,70,15,5.41,2021-11-18 03:00:00
Virginia Beach,36.8529,-75.978,17.74,82,8,6.95,2021-11-19 03:00:00
Virginia Beach,36.8529,-75.978,8.39,53,6,6.01,2021-11-20 03:00:00
Virginia Beach,36.8529,-75.978,10.53,67,69,1.6,2021-11-21 03:00:00
Virginia Beach,36.8529,-75.978,15.22,85,100,4.14,2021-11-22 03:00:00
Oakland,42.6667,-83.3999,12.25,87,93,5.25,2021-11-18 03:00:00
Oakland,42.6667,-83.3999,-0.75,75,83,5.24,2021-11-19 03:00:00
Oakland,42.6667,-83.3999,1.32,59,100,2.61,2021-11-20 03:00:00
Oakland,42.6667,-83.3999,2.82,65,99,2.73,2021-11-21 03:00:00
Oakland,42.6667,-83.3999,4.08,80,72,5.59,2021-11-22 03:00:00
Minneapolis,44.98,-93.2638,0.84,59,80,6.23,2021-11-18 03:00:00
Minneapolis,44.98,-93.2638,-1.82,64,6,3.15,2021-11-19 03:00:00
Minneapolis,44.98,-93.2638,1.72,52,39,4.38,2021-11-20 03:00:00
Minneapolis,44.98,-93.2638,1.46,66,100,1.18,2021-11-21 03:00:00
Minneapolis,44.98,-93.2638,-4.72,46,40,6.62,2021-11-22 03:00:00
Tampa,27.9475,-82.4584,21.98,78,93,4.1,2021-11-18 03:00:00
Tampa,27.9475,-82.4584,19.91,76,100,2.83,2021-11-19 03:00:00
Tampa,27.9475,-82.4584,19.65,84,95,5.96,2021-11-20 03:00:00
Tampa,27.9475,-82.4584,20.65,80,13,6.77,2021-11-21 03:00:00
Tampa,27.9475,-82.4584,20.59,84,43,4.25,2021-11-22 03:00:00
Tulsa,36.1001,-95.9003,11.6,33,93,7.64,2021-11-18 03:00:00
Tulsa,36.1001,-95.9003,5.71,32,16,1.79,2021-11-19 03:00:00
Tulsa,36.1001,-95.9003,8.22,43,100,5.23,2021-11-20 03:00:00
Tulsa,36.1001,-95.9003,16.39,77,100,7.17,2021-11-21 03:00:00
Tulsa,36.1001,-95.9003,8.68,51,0,3.41,2021-11-22 03:00:00
Arlington,32.7357,-97.1081,18.05,39,3,7.16,2021-11-18 03:00:00
Arlington,32.7357,-97.1081,12.37,23,0,3.72,2021-11-19 03:00:00
Arlington,32.7357,-97.1081,13.51,34,58,4.14,2021-11-20 03:00:00
Arlington,32.7357,-97.1081,20.31,70,100,6.87,2021-11-21 03:00:00
Arlington,32.7357,-97.1081,15.14,36,100,4.71,2021-11-22 03:00:00
Wichita,37.6922,-97.3375,8.05,29,80,4.06,2021-11-18 03:00:00
Wichita,37.6922,-97.3375,6.64,26,100,3.3,2021-11-19 03:00:00
Wichita,37.6922,-97.3375,9.85,38,93,7.01,2021-11-20 03:00:00
Wichita,37.6922,-97.3375,12.07,71,100,3.32,2021-11-21 03:00:00
Wichita,37.6922,-97.3375,7.52,45,0,2.25,2021-11-22 03:00:00
Bakersfield,35.3733,-119.0187,18.31,59,31,0.05,2021-11-18 03:00:00
Bakersfield,35.3733,-119.0187,16.35,39,99,0.74,2021-11-19 03:00:00
Bakersfield,35.3733,-119.0187,15.38,48,28,1.24,2021-11-20 03:00:00
Bakersfield,35.3733,-119.0187,11.94,77,85,0.26,2021-11-21 03:00:00
Bakersfield,35.3733,-119.0187,14.35,40,0,0.4,2021-11-22 03:00:00
Aurora,39.7294,-104.8319,-0.06,40,13,3.41,2021-11-18 03:00:00
Aurora,39.7294,-104.8319,3.47,13,71,1.59,2021-11-19 03:00:00
Aurora,39.7294,-104.8319,8.9,26,84,2.5,2021-11-20 03:00:00
Aurora,39.7294,-104.8319,6.11,62,100,2.72,2021-11-21 03:00:00
Aurora,39.7294,-104.8319,6.11,30,2,2.44,2021-11-22 03:00:00
New Orleans,29.9547,-90.0751,21.27,76,12,4.72,2021-11-18 03:00:00
New Orleans,29.9547,-90.0751,15.91,80,50,6.51,2021-11-19 03:00:00
New Orleans,29.9547,-90.0751,14.79,55,0,3.52,2021-11-20 03:00:00
New Orleans,29.9547,-90.0751,17.85,94,4,3.63,2021-11-21 03:00:00
New Orleans,29.9547,-90.0751,19.81,86,100,2.56,2021-11-22 03:00:00
Cleveland,41.4995,-81.6954,17.47,73,93,8.46,2021-11-18 03:00:00
Cleveland,41.4995,-81.6954,4.0,59,90,7.95,2021-11-19 03:00:00
Cleveland,41.4995,-81.6954,2.72,59,70,2.71,2021-11-20 03:00:00
Cleveland,41.4995,-81.6954,6.28,65,94,4.96,2021-11-21 03:00:00
Cleveland,41.4995,-81.6954,7.97,90,100,6.55,2021-11-22 03:00:00
Anaheim,33.8353,-117.9145,19.08,62,18,1.6,2021-11-18 03:00:00
Anaheim,33.8353,-117.9145,18.53,61,98,1.42,2021-11-19 03:00:00
Anaheim,33.8353,-117.9145,18.01,58,99,1.48,2021-11-20 03:00:00
Anaheim,33.8353,-117.9145,18.49,52,46,1.34,2021-11-21 03:00:00
Anaheim,33.8353,-117.9145,21.93,17,63,4.28,2021-11-22 03:00:00
Henderson,36.0397,-114.9819,18.46,18,10,1.19,2021-11-18 03:00:00
Henderson,36.0397,-114.9819,14.99,17,100,0.78,2021-11-19 03:00:00
Henderson,36.0397,-114.9819,15.53,22,84,0.22,2021-11-20 03:00:00
Henderson,36.0397,-114.9819,16.0,25,71,2.89,2021-11-21 03:00:00
Henderson,36.0397,-114.9819,13.97,20,0,2.66,2021-11-22 03:00:00
Honolulu,21.3069,-157.8583,27.79,73,17,1.72,2021-11-18 03:00:00
Honolulu,21.3069,-157.8583,25.65,78,70,3.74,2021-11-19 03:00:00
Honolulu,21.3069,-157.8583,25.06,69,21,5.68,2021-11-20 03:00:00
Honolulu,21.3069,-157.8583,24.88,69,100,6.57,2021-11-21 03:00:00
Honolulu,21.3069,-157.8583,24.8,71,100,9.19,2021-11-22 03:00:00
Riverside,33.7333,-116.0508,21.93,22,1,2.17,2021-11-18 03:00:00
Riverside,33.7333,-116.0508,17.02,23,96,0.41,2021-11-19 03:00:00
Riverside,33.7333,-116.0508,18.28,22,100,0.45,2021-11-20 03:00:00
Riverside,33.7333,-116.0508,17.78,26,71,3.64,2021-11-21 03:00:00
Riverside,33.7333,-116.0508,15.99,22,72,4.22,2021-11-22 03:00:00
Santa Ana,33.7456,-117.8678,18.84,65,29,1.33,2021-11-18 03:00:00
Santa Ana,33.7456,-117.8678,18.01,65,100,1.29,2021-11-19 03:00:00
Santa Ana,33.7456,-117.8678,17.58,61,100,1.32,2021-11-20 03:00:00
Santa Ana,33.7456,-117.8678,17.82,56,49,1.04,2021-11-21 03:00:00
Santa Ana,33.7456,-117.8678,21.64,18,84,4.92,2021-11-22 03:00:00
Corpus Christi,27.8006,-97.3964,24.35,77,13,6.6,2021-11-18 03:00:00
Corpus Christi,27.8006,-97.3964,18.07,57,100,5.09,2021-11-19 03:00:00
Corpus Christi,27.8006,-97.3964,18.46,78,8,3.71,2021-11-20 03:00:00
Corpus Christi,27.8006,-97.3964,22.9,85,60,5.05,2021-11-21 03:00:00
Corpus Christi,27.8006,-97.3964,23.71,79,88,1.93,2021-11-22 03:00:00
Lexington,37.9887,-84.4777,16.63,67,41,7.94,2021-11-18 03:00:00
Lexington,37.9887,-84.4777,0.76,65,0,3.22,2021-11-19 03:00:00
Lexington,37.9887,-84.4777,0.43,59,100,3.32,2021-11-20 03:00:00
Lexington,37.9887,-84.4777,6.83,59,100,4.08,2021-11-21 03:00:00
Lexington,37.9887,-84.4777,10.34,99,100,3.08,2021-11-22 03:00:00
San Juan,-31.5375,-68.5364,22.48,23,0,2.72,2021-11-18 03:00:00
San Juan,-31.5375,-68.5364,24.55,21,22,3.73,2021-11-19 03:00:00
San Juan,-31.5375,-68.5364,26.91,27,3,6.64,2021-11-20 03:00:00
San Juan,-31.5375,-68.5364,27.14,35,76,2.99,2021-11-21 03:00:00
San Juan,-31.5375,-68.5364,27.87,34,32,0.22,2021-11-22 03:00:00
Stockton,37.9577,-121.2908,14.82,70,80,1.73,2021-11-18 03:00:00
Stockton,37.9577,-121.2908,14.65,65,100,0.9,2021-11-19 03:00:00
Stockton,37.9577,-121.2908,13.25,78,100,1.49,2021-11-20 03:00:00
Stockton,37.9577,-121.2908,12.25,55,0,2.69,2021-11-21 03:00:00
Stockton,37.9577,-121.2908,12.52,47,0,1.37,2021-11-22 03:00:00
St. Paul,44.9444,-93.0933,0.98,59,82,6.64,2021-11-18 03:00:00
St. Paul,44.9444,-93.0933,-1.89,66,6,3.29,2021-11-19 03:00:00
St. Paul,44.9444,-93.0933,1.24,57,39,4.71,2021-11-20 03:00:00
St. Paul,44.9444,-93.0933,1.02,70,100,0.99,2021-11-21 03:00:00
St. Paul,44.9444,-93.0933,-4.85,49,41,6.86,2021-11-22 03:00:00
Cincinnati,39.162,-84.4569,18.08,72,93,6.24,2021-11-18 03:00:00
Cincinnati,39.162,-84.4569,3.39,48,0,4.02,2021-11-19 03:00:00
Cincinnati,39.162,-84.4569,2.32,58,100,2.35,2021-11-20 03:00:00
Cincinnati,39.162,-84.4569,8.07,66,100,2.61,2021-11-21 03:00:00
Cincinnati,39.162,-84.4569,9.36,94,100,3.12,2021-11-22 03:00:00
Greensboro,36.0726,-79.792,14.82,62,1,3.76,2021-11-18 03:00:00
Greensboro,36.0726,-79.792,14.47,72,75,5.37,2021-11-19 03:00:00
Greensboro,36.0726,-79.792,2.94,48,0,2.47,2021-11-20 03:00:00
Greensboro,36.0726,-79.792,3.09,56,100,0.96,2021-11-21 03:00:00
Greensboro,36.0726,-79.792,9.08,79,100,2.39,2021-11-22 03:00:00
Pittsburgh,40.4406,-79.9959,15.24,72,27,4.52,2021-11-18 03:00:00
Pittsburgh,40.4406,-79.9959,3.25,67,49,4.25,2021-11-19 03:00:00
Pittsburgh,40.4406,-79.9959,1.09,64,63,0.51,2021-11-20 03:00:00
Pittsburgh,40.4406,-79.9959,5.31,58,100,2.14,2021-11-21 03:00:00
Pittsburgh,40.4406,-79.9959,8.23,92,100,3.68,2021-11-22 03:00:00
Irvine,33.6695,-117.8231,18.78,68,30,1.05,2021-11-18 03:00:00
Irvine,33.6695,-117.8231,17.78,68,100,1.3,2021-11-19 03:00:00
Irvine,33.6695,-117.8231,17.42,65,100,1.37,2021-11-20 03:00:00
Irvine,33.6695,-117.8231,17.7,59,54,1.09,2021-11-21 03:00:00
Irvine,33.6695,-117.8231,21.16,24,93,4.39,2021-11-22 03:00:00
St. Louis,38.6273,-90.1979,8.68,69,100,4.66,2021-11-18 03:00:00
St. Louis,38.6273,-90.1979,4.18,39,0,3.55,2021-11-19 03:00:00
St. Louis,38.6273,-90.1979,5.29,44,100,3.87,2021-11-20 03:00:00
St. Louis,38.6273,-90.1979,9.28,52,100,3.65,2021-11-21 03:00:00
St. Louis,38.6273,-90.1979,7.37,68,0,4.73,2021-11-22 03:00:00
Lincoln,40.8,-96.667,5.2,32,1,5.55,2021-11-18 03:00:00
Lincoln,40.8,-96.667,2.08,32,98,3.06,2021-11-19 03:00:00
Lincoln,40.8,-96.667,6.14,50,100,4.17,2021-11-20 03:00:00
Lincoln,40.8,-96.667,6.57,62,94,3.35,2021-11-21 03:00:00
Lincoln,40.8,-96.667,5.05,56,100,4.36,2021-11-22 03:00:00
Orlando,28.5383,-81.3792,21.15,74,33,2.59,2021-11-18 03:00:00
Orlando,28.5383,-81.3792,20.97,87,100,1.55,2021-11-19 03:00:00
Orlando,28.5383,-81.3792,20.66,81,82,4.65,2021-11-20 03:00:00
Orlando,28.5383,-81.3792,20.97,77,93,5.38,2021-11-21 03:00:00
Orlando,28.5383,-81.3792,20.89,84,66,3.13,2021-11-22 03:00:00
Durham,36.0335,-78.8664,14.86,61,1,3.31,2021-11-18 03:00:00
Durham,36.0335,-78.8664,16.08,79,27,3.34,2021-11-19 03:00:00
Durham,36.0335,-78.8664,3.82,48,0,2.37,2021-11-20 03:00:00
Durham,36.0335,-78.8664,4.39,59,77,0.56,2021-11-21 03:00:00
Durham,36.0335,-78.8664,9.93,85,100,1.95,2021-11-22 03:00:00
Plano,33.0198,-96.6989,17.54,47,30,7.92,2021-11-18 03:00:00
Plano,33.0198,-96.6989,8.97,33,0,3.54,2021-11-19 03:00:00
Plano,33.0198,-96.6989,11.88,35,63,4.06,2021-11-20 03:00:00
Plano,33.0198,-96.6989,19.77,71,100,7.69,2021-11-21 03:00:00
Plano,33.0198,-96.6989,13.83,41,100,5.51,2021-11-22 03:00:00
Anchorage,61.2181,-149.9003,-15.95,71,76,3.59,2021-11-18 03:00:00
Anchorage,61.2181,-149.9003,-20.02,86,26,1.7,2021-11-19 03:00:00
Anchorage,61.2181,-149.9003,-18.97,82,3,1.67,2021-11-20 03:00:00
Anchorage,61.2181,-149.9003,-18.13,84,1,1.99,2021-11-21 03:00:00
Anchorage,61.2181,-149.9003,-16.23,82,100,1.45,2021-11-22 03:00:00
Newark,40.7357,-74.1724,11.41,86,24,2.54,2021-11-18 03:00:00
Newark,40.7357,-74.1724,11.47,78,99,5.65,2021-11-19 03:00:00
Newark,40.7357,-74.1724,5.1,59,18,4.0,2021-11-20 03:00:00
Newark,40.7357,-74.1724,6.96,57,100,2.91,2021-11-21 03:00:00
Newark,40.7357,-74.1724,11.8,83,100,3.9,2021-11-22 03:00:00
Chula Vista,32.64,-117.0842,18.75,71,25,1.15,2021-11-18 03:00:00
Chula Vista,32.64,-117.0842,18.61,67,100,2.08,2021-11-19 03:00:00
Chula Vista,32.64,-117.0842,18.15,66,100,1.65,2021-11-20 03:00:00
Chula Vista,32.64,-117.0842,18.16,64,90,2.0,2021-11-21 03:00:00
Chula Vista,32.64,-117.0842,21.44,24,100,2.91,2021-11-22 03:00:00
Fort Wayne,41.1306,-85.1289,12.36,92,93,5.3,2021-11-18 03:00:00
Fort Wayne,41.1306,-85.1289,0.72,57,69,5.83,2021-11-19 03:00:00
Fort Wayne,41.1306,-85.1289,0.7,68,100,2.97,2021-11-20 03:00:00
Fort Wayne,41.1306,-85.1289,4.78,70,100,3.04,2021-11-21 03:00:00
Fort Wayne,41.1306,-85.1289,5.85,76,99,4.4,2021-11-22 03:00:00
Chandler,33.3062,-111.8412,22.67,19,61,0.26,2021-11-18 03:00:00
Chandler,33.3062,-111.8412,21.42,20,93,3.49,2021-11-19 03:00:00
Chandler,33.3062,-111.8412,21.08,20,100,1.22,2021-11-20 03:00:00
Chandler,33.3062,-111.8412,20.64,20,100,1.49,2021-11-21 03:00:00
Chandler,33.3062,-111.8412,20.35,16,100,3.23,2021-11-22 03:00:00
Toledo,39.8333,-4.0,5.05,67,1,2.76,2021-11-18 03:00:00
Toledo,39.8333,-4.0,7.1,94,9,4.62,2021-11-19 03:00:00
Toledo,39.8333,-4.0,7.34,91,37,3.71,2021-11-20 03:00:00
Toledo,39.8333,-4.0,8.61,89,99,0.63,2021-11-21 03:00:00
Toledo,39.8333,-4.0,8.09,80,100,2.28,2021-11-22 03:00:00
St. Petersburg,59.8944,30.2642,2.34,91,83,4.78,2021-11-18 03:00:00
St. Petersburg,59.8944,30.2642,2.34,85,25,4.96,2021-11-19 03:00:00
St. Petersburg,59.8944,30.2642,2.07,97,100,4.86,2021-11-20 03:00:00
St. Petersburg,59.8944,30.2642,1.39,82,99,3.85,2021-11-21 03:00:00
St. Petersburg,59.8944,30.2642,-3.84,72,100,6.31,2021-11-22 03:00:00
Reno,39.5296,-119.8138,7.98,44,74,1.74,2021-11-18 03:00:00
Reno,39.5296,-119.8138,9.07,51,100,2.28,2021-11-19 03:00:00
Reno,39.5296,-119.8138,7.07,81,68,2.37,2021-11-20 03:00:00
Reno,39.5296,-119.8138,4.59,56,0,1.74,2021-11-21 03:00:00
Reno,39.5296,-119.8138,5.07,56,0,1.79,2021-11-22 03:00:00
Laredo,27.5064,-99.5075,25.94,45,1,5.52,2021-11-18 03:00:00
Laredo,27.5064,-99.5075,15.59,48,100,3.32,2021-11-19 03:00:00
Laredo,27.5064,-99.5075,18.97,64,0,3.81,2021-11-20 03:00:00
Laredo,27.5064,-99.5075,23.31,68,86,5.23,2021-11-21 03:00:00
Laredo,27.5064,-99.5075,25.49,56,71,4.9,2021-11-22 03:00:00
Scottsdale,33.5092,-111.899,23.46,19,11,0.15,2021-11-18 03:00:00
Scottsdale,33.5092,-111.899,22.62,17,97,2.96,2021-11-19 03:00:00
Scottsdale,33.5092,-111.899,22.86,17,100,1.24,2021-11-20 03:00:00
Scottsdale,33.5092,-111.899,22.03,18,100,0.94,2021-11-21 03:00:00
Scottsdale,33.5092,-111.899,21.7,13,99,6.07,2021-11-22 03:00:00
North Las Vegas,36.1989,-115.1175,18.77,18,13,1.39,2021-11-18 03:00:00
North Las Vegas,36.1989,-115.1175,14.63,18,100,1.31,2021-11-19 03:00:00
North Las Vegas,36.1989,-115.1175,15.08,23,75,1.46,2021-11-20 03:00:00
North Las Vegas,36.1989,-115.1175,15.96,27,68,4.05,2021-11-21 03:00:00
North Las Vegas,36.1989,-115.1175,13.93,21,0,3.14,2021-11-22 03:00:00
Lubbock,33.6001,-101.8338,10.61,25,83,7.99,2021-11-18 03:00:00
Lubbock,33.6001,-101.8338,5.74,26,4,4.18,2021-11-19 03:00:00
Lubbock,33.6001,-101.8338,11.34,52,8,4.87,2021-11-20 03:00:00
Lubbock,33.6001,-101.8338,16.21,25,100,4.97,2021-11-21 03:00:00
Lubbock,33.6001,-101.8338,8.4,37,93,2.42,2021-11-22 03:00:00
Madison,34.7334,-86.5667,16.45,74,15,2.91,2021-11-18 03:00:00
Madison,34.7334,-86.5667,4.87,75,45,3.0,2021-11-19 03:00:00
Madison,34.7334,-86.5667,4.88,60,1,1.26,2021-11-20 03:00:00
Madison,34.7334,-86.5667,8.26,54,91,3.8,2021-11-21 03:00:00
Madison,34.7334,-86.5667,13.49,97,100,3.63,2021-11-22 03:00:00
Gilbert,33.3528,-111.789,22.71,19,61,0.16,2021-11-18 03:00:00
Gilbert,33.3528,-111.789,21.41,20,96,3.59,2021-11-19 03:00:00
Gilbert,33.3528,-111.789,21.3,20,100,1.29,2021-11-20 03:00:00
Gilbert,33.3528,-111.789,20.67,20,100,1.65,2021-11-21 03:00:00
Gilbert,33.3528,-111.789,20.04,17,99,3.46,2021-11-22 03:00:00
Jersey City,40.7282,-74.0776,11.81,85,46,3.1,2021-11-18 03:00:00
Jersey City,40.7282,-74.0776,11.72,76,97,6.18,2021-11-19 03:00:00
Jersey City,40.7282,-74.0776,5.26,59,15,4.43,2021-11-20 03:00:00
Jersey City,40.7282,-74.0776,7.33,57,100,3.33,2021-11-21 03:00:00
Jersey City,40.7282,-74.0776,12.04,83,100,4.21,2021-11-22 03:00:00
Glendale,33.5387,-112.186,23.85,18,35,0.15,2021-11-18 03:00:00
Glendale,33.5387,-112.186,23.26,15,92,2.22,2021-11-19 03:00:00
Glendale,33.5387,-112.186,23.07,16,100,1.31,2021-11-20 03:00:00
Glendale,33.5387,-112.186,22.42,17,100,1.56,2021-11-21 03:00:00
Glendale,33.5387,-112.186,22.46,12,100,5.29,2021-11-22 03:00:00
Buffalo,42.8865,-78.8784,16.51,75,93,8.43,2021-11-18 03:00:00
Buffalo,42.8865,-78.8784,3.04,61,54,7.72,2021-11-19 03:00:00
Buffalo,42.8865,-78.8784,1.85,77,64,2.28,2021-11-20 03:00:00
Buffalo,42.8865,-78.8784,4.94,64,100,3.91,2021-11-21 03:00:00
Buffalo,42.8865,-78.8784,7.61,86,100,8.43,2021-11-22 03:00:00
Winston-Salem,36.0999,-80.2442,14.7,64,0,3.39,2021-11-18 03:00:00
Winston-Salem,36.0999,-80.2442,12.08,75,94,5.7,2021-11-19 03:00:00
Winston-Salem,36.0999,-80.2442,3.44,46,0,2.74,2021-11-20 03:00:00
Winston-Salem,36.0999,-80.2442,3.39,47,100,0.96,2021-11-21 03:00:00
Winston-Salem,36.0999,-80.2442,8.67,76,100,2.36,2021-11-22 03:00:00
Chesapeake,36.819,-76.2749,16.24,70,1,4.46,2021-11-18 03:00:00
Chesapeake,36.819,-76.2749,18.01,81,7,5.59,2021-11-19 03:00:00
Chesapeake,36.819,-76.2749,7.56,49,1,4.29,2021-11-20 03:00:00
Chesapeake,36.819,-76.2749,8.93,71,64,1.17,2021-11-21 03:00:00
Chesapeake,36.819,-76.2749,14.76,86,100,3.01,2021-11-22 03:00:00
Fremont,37.5483,-121.9886,17.0,57,38,1.1,2021-11-18 03:00:00
Fremont,37.5483,-121.9886,15.62,56,100,0.83,2021-11-19 03:00:00
Fremont,37.5483,-121.9886,13.14,77,59,0.72,2021-11-20 03:00:00
Fremont,37.5483,-121.9886,14.03,41,0,1.3,2021-11-21 03:00:00
Fremont,37.5483,-121.9886,14.3,54,0,1.32,2021-11-22 03:00:00
Norfolk,42.1668,-71.2495,9.27,77,100,3.69,2021-11-18 03:00:00
Norfolk,42.1668,-71.2495,14.97,79,99,4.43,2021-11-19 03:00:00
Norfolk,42.1668,-71.2495,2.03,61,6,3.8,2021-11-20 03:00:00
Norfolk,42.1668,-71.2495,2.37,66,100,1.93,2021-11-21 03:00:00
Norfolk,42.1668,-71.2495,11.02,85,100,4.16,2021-11-22 03:00:00
Irving,32.814,-96.9489,18.36,41,29,7.16,2021-11-18 03:00:00
Irving,32.814,-96.9489,11.91,26,0,3.67,2021-11-19 03:00:00
Irving,32.814,-96.9489,13.78,33,60,3.99,2021-11-20 03:00:00
Irving,32.814,-96.9489,20.5,70,100,6.83,2021-11-21 03:00:00
Irving,32.814,-96.9489,15.18,38,100,4.82,2021-11-22 03:00:00
Garland,32.9126,-96.6389,18.12,47,64,7.78,2021-11-18 03:00:00
Garland,32.9126,-96.6389,9.47,33,0,3.57,2021-11-19 03:00:00
Garland,32.9126,-96.6389,11.67,37,58,3.85,2021-11-20 03:00:00
Garland,32.9126,-96.6389,19.74,71,100,7.33,2021-11-21 03:00:00
Garland,32.9126,-96.6389,14.19,42,100,5.48,2021-11-22 03:00:00
Paradise,36.0972,-115.1467,18.36,18,22,1.18,2021-11-18 03:00:00
Paradise,36.0972,-115.1467,14.5,17,100,0.53,2021-11-19 03:00:00
Paradise,36.0972,-115.1467,14.83,24,84,0.33,2021-11-20 03:00:00
Paradise,36.0972,-115.1467,15.74,27,69,3.3,2021-11-21 03:00:00
Paradise,36.0972,-115.1467,13.85,21,0,2.86,2021-11-22 03:00:00
Arlington,32.7357,-97.1081,18.05,39,3,7.16,2021-11-18 03:00:00
Arlington,32.7357,-97.1081,12.37,23,0,3.72,2021-11-19 03:00:00
Arlington,32.7357,-97.1081,13.51,34,58,4.14,2021-11-20 03:00:00
Arlington,32.7357,-97.1081,20.31,70,100,6.87,2021-11-21 03:00:00
Arlington,32.7357,-97.1081,15.14,36,100,4.71,2021-11-22 03:00:00
Richmond,37.5538,-77.4603,15.86,68,14,3.68,2021-11-18 03:00:00
Richmond,37.5538,-77.4603,16.45,66,67,4.78,2021-11-19 03:00:00
Richmond,37.5538,-77.4603,4.37,52,2,2.57,2021-11-20 03:00:00
Richmond,37.5538,-77.4603,5.36,64,90,1.29,2021-11-21 03:00:00
Richmond,37.5538,-77.4603,11.34,76,100,2.58,2021-11-22 03:00:00
Hialeah,25.8576,-80.2781,25.32,74,83,6.99,2021-11-18 03:00:00
Hialeah,25.8576,-80.2781,23.97,81,100,3.54,2021-11-19 03:00:00
Hialeah,25.8576,-80.2781,24.13,69,100,8.19,2021-11-20 03:00:00
Hialeah,25.8576,-80.2781,23.94,79,100,6.48,2021-11-21 03:00:00
Hialeah,25.8576,-80.2781,24.3,81,0,3.23,2021-11-22 03:00:00
Boise,43.6135,-116.2035,3.49,44,31,3.2,2021-11-18 03:00:00
Boise,43.6135,-116.2035,5.51,36,100,2.35,2021-11-19 03:00:00
Boise,43.6135,-116.2035,6.37,95,100,0.65,2021-11-20 03:00:00
Boise,43.6135,-116.2035,3.44,74,21,2.33,2021-11-21 03:00:00
Boise,43.6135,-116.2035,5.12,59,100,1.44,2021-11-22 03:00:00
Spokane,47.6166,-117.3677,0.63,51,33,2.18,2021-11-18 03:00:00
Spokane,47.6166,-117.3677,1.03,64,100,1.45,2021-11-19 03:00:00
Spokane,47.6166,-117.3677,1.08,96,98,0.49,2021-11-20 03:00:00
Spokane,47.6166,-117.3677,-0.21,92,100,1.87,2021-11-21 03:00:00
Spokane,47.6166,-117.3677,-0.2,90,39,1.3,2021-11-22 03:00:00
Frisco,33.1507,-96.8236,17.12,45,38,8.3,2021-11-18 03:00:00
Frisco,33.1507,-96.8236,8.37,33,0,3.58,2021-11-19 03:00:00
Frisco,33.1507,-96.8236,11.42,36,71,4.22,2021-11-20 03:00:00
Frisco,33.1507,-96.8236,19.85,70,100,8.45,2021-11-21 03:00:00
Frisco,33.1507,-96.8236,13.58,40,100,5.68,2021-11-22 03:00:00
Moreno Valley,33.9375,-117.2306,18.85,47,14,0.33,2021-11-18 03:00:00
Moreno Valley,33.9375,-117.2306,15.78,43,98,0.47,2021-11-19 03:00:00
Moreno Valley,33.9375,-117.2306,15.37,51,100,1.0,2021-11-20 03:00:00
Moreno Valley,33.9375,-117.2306,15.4,35,45,1.43,2021-11-21 03:00:00
Moreno Valley,33.9375,-117.2306,13.85,24,48,1.74,2021-11-22 03:00:00
Tacoma,47.2529,-122.4443,6.12,70,34,1.95,2021-11-18 03:00:00
Tacoma,47.2529,-122.4443,4.84,95,100,2.7,2021-11-19 03:00:00
Tacoma,47.2529,-122.4443,5.97,87,99,1.14,2021-11-20 03:00:00
Tacoma,47.2529,-122.4443,5.37,89,99,1.39,2021-11-21 03:00:00
Tacoma,47.2529,-122.4443,4.87,77,100,0.62,2021-11-22 03:00:00
Fontana,34.0922,-117.4351,20.31,42,17,0.55,2021-11-18 03:00:00
Fontana,34.0922,-117.4351,18.63,38,99,1.02,2021-11-19 03:00:00
Fontana,34.0922,-117.4351,17.06,49,92,1.48,2021-11-20 03:00:00
Fontana,34.0922,-117.4351,17.91,35,51,2.05,2021-11-21 03:00:00
Fontana,34.0922,-117.4351,16.94,24,51,3.6,2021-11-22 03:00:00
Modesto,37.6391,-120.9969,15.31,67,32,2.22,2021-11-18 03:00:00
Modesto,37.6391,-120.9969,14.43,64,100,1.85,2021-11-19 03:00:00
Modesto,37.6391,-120.9969,13.51,73,99,3.54,2021-11-20 03:00:00
Modesto,37.6391,-120.9969,11.6,53,0,2.99,2021-11-21 03:00:00
Modesto,37.6391,-120.9969,12.07,53,0,1.88,2021-11-22 03:00:00
Baton Rouge,30.4508,-91.1545,19.39,88,75,2.58,2021-11-18 03:00:00
Baton Rouge,30.4508,-91.1545,12.03,72,13,4.89,2021-11-19 03:00:00
Baton Rouge,30.4508,-91.1545,11.71,55,0,2.47,2021-11-20 03:00:00
Baton Rouge,30.4508,-91.1545,14.9,86,5,2.69,2021-11-21 03:00:00
Baton Rouge,30.4508,-91.1545,18.74,93,100,2.71,2021-11-22 03:00:00
Port St. Lucie,27.2939,-80.3503,24.04,74,60,5.17,2021-11-18 03:00:00
Port St. Lucie,27.2939,-80.3503,21.63,90,100,4.45,2021-11-19 03:00:00
Port St. Lucie,27.2939,-80.3503,22.87,73,100,5.91,2021-11-20 03:00:00
Port St. Lucie,27.2939,-80.3503,22.84,80,100,7.59,2021-11-21 03:00:00
Port St. Lucie,27.2939,-80.3503,22.7,85,34,3.46,2021-11-22 03:00:00
San Bernardino,34.6667,-116.1675,20.35,20,31,1.27,2021-11-18 03:00:00
San Bernardino,34.6667,-116.1675,15.52,18,99,2.0,2021-11-19 03:00:00
San Bernardino,34.6667,-116.1675,16.01,21,100,1.93,2021-11-20 03:00:00
San Bernardino,34.6667,-116.1675,15.52,28,62,3.74,2021-11-21 03:00:00
San Bernardino,34.6667,-116.1675,13.94,22,75,3.57,2021-11-22 03:00:00
McKinney,33.1976,-96.6153,17.28,49,63,8.77,2021-11-18 03:00:00
McKinney,33.1976,-96.6153,7.74,36,0,3.56,2021-11-19 03:00:00
McKinney,33.1976,-96.6153,10.24,39,67,4.09,2021-11-20 03:00:00
McKinney,33.1976,-96.6153,19.57,72,100,8.44,2021-11-21 03:00:00
McKinney,33.1976,-96.6153,13.47,42,100,6.09,2021-11-22 03:00:00
Fayetteville,35.0527,-78.8784,16.2,60,1,3.83,2021-11-18 03:00:00
Fayetteville,35.0527,-78.8784,18.34,69,85,4.21,2021-11-19 03:00:00
Fayetteville,35.0527,-78.8784,6.13,39,0,3.25,2021-11-20 03:00:00
Fayetteville,35.0527,-78.8784,6.69,62,100,2.38,2021-11-21 03:00:00
Fayetteville,35.0527,-78.8784,12.06,83,100,1.94,2021-11-22 03:00:00
Santa Clarita,34.3917,-118.5426,18.22,47,20,1.2,2021-11-18 03:00:00
Santa Clarita,34.3917,-118.5426,16.98,47,98,0.55,2021-11-19 03:00:00
Santa Clarita,34.3917,-118.5426,15.36,52,95,0.39,2021-11-20 03:00:00
Santa Clarita,34.3917,-118.5426,17.1,36,64,3.04,2021-11-21 03:00:00
Santa Clarita,34.3917,-118.5426,17.21,21,82,5.21,2021-11-22 03:00:00
Des Moines,41.6005,-93.6091,4.63,49,16,6.39,2021-11-18 03:00:00
Des Moines,41.6005,-93.6091,-1.09,54,0,2.24,2021-11-19 03:00:00
Des Moines,41.6005,-93.6091,3.92,55,100,5.26,2021-11-20 03:00:00
Des Moines,41.6005,-93.6091,6.19,68,100,1.31,2021-11-21 03:00:00
Des Moines,41.6005,-93.6091,1.39,35,100,6.09,2021-11-22 03:00:00
Oxnard,34.1975,-119.177,16.67,78,15,0.77,2021-11-18 03:00:00
Oxnard,34.1975,-119.177,16.14,70,100,1.24,2021-11-19 03:00:00
Oxnard,34.1975,-119.177,15.85,67,93,0.93,2021-11-20 03:00:00
Oxnard,34.1975,-119.177,16.65,61,97,0.93,2021-11-21 03:00:00
Oxnard,34.1975,-119.177,20.01,31,56,4.79,2021-11-22 03:00:00
Birmingham,33.5207,-86.8025,16.87,71,6,2.26,2021-11-18 03:00:00
Birmingham,33.5207,-86.8025,8.04,68,70,3.8,2021-11-19 03:00:00
Birmingham,33.5207,-86.8025,7.31,51,0,2.09,2021-11-20 03:00:00
Birmingham,33.5207,-86.8025,11.16,58,67,3.76,2021-11-21 03:00:00
Birmingham,33.5207,-86.8025,15.82,82,97,3.17,2021-11-22 03:00:00
Spring Valley,36.108,-115.245,17.75,19,20,1.07,2021-11-18 03:00:00
Spring Valley,36.108,-115.245,13.92,18,100,0.5,2021-11-19 03:00:00
Spring Valley,36.108,-115.245,14.07,25,91,0.17,2021-11-20 03:00:00
Spring Valley,36.108,-115.245,15.18,28,69,3.4,2021-11-21 03:00:00
Spring Valley,36.108,-115.245,13.54,22,0,2.98,2021-11-22 03:00:00
Huntsville,34.7304,-86.5861,16.85,73,16,3.0,2021-11-18 03:00:00
Huntsville,34.7304,-86.5861,5.06,75,44,3.02,2021-11-19 03:00:00
Huntsville,34.7304,-86.5861,5.05,61,1,1.28,2021-11-20 03:00:00
Huntsville,34.7304,-86.5861,8.57,54,91,3.93,2021-11-21 03:00:00
Huntsville,34.7304,-86.5861,13.75,97,100,3.7,2021-11-22 03:00:00
Rochester,43.1548,-77.6156,14.01,73,100,7.26,2021-11-18 00:00:00
Rochester,43.1548,-77.6156,5.1,70,100,6.02,2021-11-19 00:00:00
Rochester,43.1548,-77.6156,2.55,62,65,4.64,2021-11-20 00:00:00
Rochester,43.1548,-77.6156,4.18,67,100,3.51,2021-11-21 00:00:00
Rochester,43.1548,-77.6156,6.48,84,100,8.28,2021-11-22 00:00:00
Cape Coral,26.5629,-81.9495,23.34,72,83,4.46,2021-11-18 03:00:00
Cape Coral,26.5629,-81.9495,20.21,90,100,6.01,2021-11-19 03:00:00
Cape Coral,26.5629,-81.9495,21.41,79,100,6.11,2021-11-20 03:00:00
Cape Coral,26.5629,-81.9495,21.48,85,100,6.17,2021-11-21 03:00:00
Cape Coral,26.5629,-81.9495,22.01,87,75,4.43,2021-11-22 03:00:00
Tempe,33.4148,-111.9093,23.27,18,61,0.04,2021-11-18 03:00:00
Tempe,33.4148,-111.9093,22.31,18,94,3.05,2021-11-19 03:00:00
Tempe,33.4148,-111.9093,22.26,18,100,1.16,2021-11-20 03:00:00
Tempe,33.4148,-111.9093,21.64,18,100,1.07,2021-11-21 03:00:00
Tempe,33.4148,-111.9093,21.56,13,100,5.13,2021-11-22 03:00:00
Grand Rapids,42.9634,-85.6681,7.32,84,80,5.19,2021-11-18 03:00:00
Grand Rapids,42.9634,-85.6681,-0.38,76,97,5.45,2021-11-19 03:00:00
Grand Rapids,42.9634,-85.6681,1.44,68,100,3.72,2021-11-20 03:00:00
Grand Rapids,42.9634,-85.6681,4.17,67,100,2.78,2021-11-21 03:00:00
Grand Rapids,42.9634,-85.6681,3.96,65,29,8.62,2021-11-22 03:00:00
Yonkers,40.9312,-73.8988,11.4,86,26,2.88,2021-11-18 03:00:00
Yonkers,40.9312,-73.8988,11.16,76,97,6.14,2021-11-19 03:00:00
Yonkers,40.9312,-73.8988,4.73,59,9,4.07,2021-11-20 03:00:00
Yonkers,40.9312,-73.8988,7.15,57,100,2.97,2021-11-21 03:00:00
Yonkers,40.9312,-73.8988,11.76,83,100,3.74,2021-11-22 03:00:00
Overland Park,38.9822,-94.6708,7.41,38,41,4.08,2021-11-18 03:00:00
Overland Park,38.9822,-94.6708,2.33,35,55,1.1,2021-11-19 03:00:00
Overland Park,38.9822,-94.6708,7.4,44,100,6.17,2021-11-20 03:00:00
Overland Park,38.9822,-94.6708,10.38,76,100,1.95,2021-11-21 03:00:00
Overland Park,38.9822,-94.6708,5.41,67,6,2.92,2021-11-22 03:00:00
Salt Lake City,40.7608,-111.8911,2.7,43,14,0.11,2021-11-18 03:00:00
Salt Lake City,40.7608,-111.8911,7.44,32,100,0.52,2021-11-19 03:00:00
Salt Lake City,40.7608,-111.8911,8.17,67,90,1.27,2021-11-20 03:00:00
Salt Lake City,40.7608,-111.8911,5.46,70,87,1.0,2021-11-21 03:00:00
Salt Lake City,40.7608,-111.8911,4.63,58,40,0.66,2021-11-22 03:00:00
Amarillo,35.222,-101.8313,6.38,27,28,5.41,2021-11-18 03:00:00
Amarillo,35.222,-101.8313,5.19,27,14,7.55,2021-11-19 03:00:00
Amarillo,35.222,-101.8313,12.74,34,28,8.41,2021-11-20 03:00:00
Amarillo,35.222,-101.8313,15.62,18,100,5.24,2021-11-21 03:00:00
Amarillo,35.222,-101.8313,5.6,39,0,1.15,2021-11-22 03:00:00
Augusta,48.3667,10.8833,4.29,86,93,1.89,2021-11-18 03:00:00
Augusta,48.3667,10.8833,2.1,90,92,2.27,2021-11-19 03:00:00
Augusta,48.3667,10.8833,6.36,84,100,0.81,2021-11-20 03:00:00
Augusta,48.3667,10.8833,3.22,94,88,2.56,2021-11-21 03:00:00
Augusta,48.3667,10.8833,4.36,96,100,2.46,2021-11-22 03:00:00
Columbus,39.9612,-82.9988,17.66,70,83,7.29,2021-11-18 03:00:00
Columbus,39.9612,-82.9988,3.63,48,3,4.67,2021-11-19 03:00:00
Columbus,39.9612,-82.9988,3.36,48,100,2.72,2021-11-20 03:00:00
Columbus,39.9612,-82.9988,7.67,58,100,2.95,2021-11-21 03:00:00
Columbus,39.9612,-82.9988,8.68,94,100,3.05,2021-11-22 03:00:00
Tallahassee,30.4383,-84.2807,16.92,85,36,0.31,2021-11-18 03:00:00
Tallahassee,30.4383,-84.2807,18.7,82,100,0.54,2021-11-19 03:00:00
Tallahassee,30.4383,-84.2807,16.38,75,100,3.49,2021-11-20 03:00:00
Tallahassee,30.4383,-84.2807,16.87,73,91,2.64,2021-11-21 03:00:00
Tallahassee,30.4383,-84.2807,16.4,83,34,1.87,2021-11-22 03:00:00
Montgomery,39.1501,-77.1997,12.09,81,3,3.44,2021-11-18 03:00:00
Montgomery,39.1501,-77.1997,7.95,78,100,5.78,2021-11-19 03:00:00
Montgomery,39.1501,-77.1997,1.77,63,100,2.29,2021-11-20 03:00:00
Montgomery,39.1501,-77.1997,3.79,69,100,2.46,2021-11-21 03:00:00
Montgomery,39.1501,-77.1997,9.93,72,100,5.21,2021-11-22 03:00:00
Huntington Beach,33.6603,-117.9992,18.27,71,31,1.97,2021-11-18 03:00:00
Huntington Beach,33.6603,-117.9992,17.5,71,100,1.82,2021-11-19 03:00:00
Huntington Beach,33.6603,-117.9992,17.33,68,100,1.96,2021-11-20 03:00:00
Huntington Beach,33.6603,-117.9992,17.8,62,66,1.93,2021-11-21 03:00:00
Huntington Beach,33.6603,-117.9992,21.95,27,78,5.58,2021-11-22 03:00:00
Akron,41.0814,-81.519,17.01,71,93,7.98,2021-11-18 03:00:00
Akron,41.0814,-81.519,1.52,62,15,5.31,2021-11-19 03:00:00
Akron,41.0814,-81.519,-0.03,68,66,1.86,2021-11-20 03:00:00
Akron,41.0814,-81.519,4.24,73,100,3.42,2021-11-21 03:00:00
Akron,41.0814,-81.519,7.18,96,100,4.3,2021-11-22 03:00:00
Little Rock,34.7465,-92.2896,21.02,71,60,4.36,2021-11-18 03:00:00
Little Rock,34.7465,-92.2896,6.5,41,0,2.05,2021-11-19 03:00:00
Little Rock,34.7465,-92.2896,6.88,40,99,1.97,2021-11-20 03:00:00
Little Rock,34.7465,-92.2896,13.1,67,100,3.38,2021-11-21 03:00:00
Little Rock,34.7465,-92.2896,12.62,83,100,5.5,2021-11-22 03:00:00
Glendale,33.5387,-112.186,23.85,18,35,0.15,2021-11-18 03:00:00
Glendale,33.5387,-112.186,23.26,15,92,2.22,2021-11-19 03:00:00
Glendale,33.5387,-112.186,23.07,16,100,1.31,2021-11-20 03:00:00
Glendale,33.5387,-112.186,22.42,17,100,1.56,2021-11-21 03:00:00
Glendale,33.5387,-112.186,22.46,12,100,5.29,2021-11-22 03:00:00
Grand Prairie,32.746,-96.9978,18.45,39,2,7.05,2021-11-18 03:00:00
Grand Prairie,32.746,-96.9978,12.47,25,0,3.67,2021-11-19 03:00:00
Grand Prairie,32.746,-96.9978,13.87,33,60,3.99,2021-11-20 03:00:00
Grand Prairie,32.746,-96.9978,20.46,70,100,6.63,2021-11-21 03:00:00
Grand Prairie,32.746,-96.9978,15.39,37,100,4.75,2021-11-22 03:00:00
Aurora,39.7294,-104.8319,-0.06,40,13,3.41,2021-11-18 03:00:00
Aurora,39.7294,-104.8319,3.47,13,71,1.59,2021-11-19 03:00:00
Aurora,39.7294,-104.8319,8.9,26,84,2.5,2021-11-20 03:00:00
Aurora,39.7294,-104.8319,6.11,62,100,2.72,2021-11-21 03:00:00
Aurora,39.7294,-104.8319,6.11,30,2,2.44,2021-11-22 03:00:00
Sunrise Manor,36.2111,-115.0731,18.72,18,15,1.78,2021-11-18 03:00:00
Sunrise Manor,36.2111,-115.0731,14.6,18,100,1.57,2021-11-19 03:00:00
Sunrise Manor,36.2111,-115.0731,15.19,23,68,1.95,2021-11-20 03:00:00
Sunrise Manor,36.2111,-115.0731,16.01,26,68,4.13,2021-11-21 03:00:00
Sunrise Manor,36.2111,-115.0731,13.76,21,0,3.15,2021-11-22 03:00:00
Ontario,34.0633,-117.6509,19.99,45,47,0.63,2021-11-18 03:00:00
Ontario,34.0633,-117.6509,19.11,44,97,1.41,2021-11-19 03:00:00
Ontario,34.0633,-117.6509,17.68,50,92,1.55,2021-11-20 03:00:00
Ontario,34.0633,-117.6509,18.62,38,40,1.28,2021-11-21 03:00:00
Ontario,34.0633,-117.6509,18.84,20,48,3.41,2021-11-22 03:00:00
Sioux Falls,43.55,-96.7003,1.13,46,1,7.97,2021-11-18 03:00:00
Sioux Falls,43.55,-96.7003,-1.94,49,68,2.4,2021-11-19 03:00:00
Sioux Falls,43.55,-96.7003,4.23,50,100,2.27,2021-11-20 03:00:00
Sioux Falls,43.55,-96.7003,1.54,55,96,2.04,2021-11-21 03:00:00
Sioux Falls,43.55,-96.7003,-2.28,37,100,4.37,2021-11-22 03:00:00
Knoxville,35.9606,-83.9207,14.37,69,2,1.86,2021-11-18 03:00:00
Knoxville,35.9606,-83.9207,5.74,85,45,1.14,2021-11-19 03:00:00
Knoxville,35.9606,-83.9207,3.45,60,30,1.98,2021-11-20 03:00:00
Knoxville,35.9606,-83.9207,6.1,62,98,0.64,2021-11-21 03:00:00
Knoxville,35.9606,-83.9207,10.5,90,100,1.39,2021-11-22 03:00:00
Vancouver,49.2497,-123.1193,5.38,71,100,1.92,2021-11-18 03:00:00
Vancouver,49.2497,-123.1193,3.96,92,100,2.07,2021-11-19 03:00:00
Vancouver,49.2497,-123.1193,4.38,81,37,0.68,2021-11-20 03:00:00
Vancouver,49.2497,-123.1193,5.5,90,100,1.34,2021-11-21 03:00:00
Vancouver,49.2497,-123.1193,6.2,80,100,0.73,2021-11-22 03:00:00
Mobile,30.7835,-88.2,18.74,86,19,1.19,2021-11-18 03:00:00
Mobile,30.7835,-88.2,14.03,78,56,4.55,2021-11-19 03:00:00
Mobile,30.7835,-88.2,10.2,41,2,2.42,2021-11-20 03:00:00
Mobile,30.7835,-88.2,15.09,90,8,2.11,2021-11-21 03:00:00
Mobile,30.7835,-88.2,17.37,95,87,2.38,2021-11-22 03:00:00
Worcester,42.3334,-71.8328,7.28,78,93,3.97,2021-11-18 03:00:00
Worcester,42.3334,-71.8328,9.28,85,99,4.99,2021-11-19 03:00:00
Worcester,42.3334,-71.8328,-0.29,70,5,3.76,2021-11-20 03:00:00
Worcester,42.3334,-71.8328,0.78,68,100,2.01,2021-11-21 03:00:00
Worcester,42.3334,-71.8328,8.78,91,100,3.71,2021-11-22 03:00:00
Chattanooga,35.0456,-85.3097,14.05,78,6,1.68,2021-11-18 03:00:00
Chattanooga,35.0456,-85.3097,4.83,90,61,2.36,2021-11-19 03:00:00
Chattanooga,35.0456,-85.3097,3.31,66,0,1.58,2021-11-20 03:00:00
Chattanooga,35.0456,-85.3097,5.04,63,63,1.67,2021-11-21 03:00:00
Chattanooga,35.0456,-85.3097,11.23,96,100,1.79,2021-11-22 03:00:00
Brownsville,25.9018,-97.4975,25.11,77,14,5.76,2021-11-18 03:00:00
Brownsville,25.9018,-97.4975,21.1,74,100,7.15,2021-11-19 03:00:00
Brownsville,25.9018,-97.4975,20.8,76,79,3.02,2021-11-20 03:00:00
Brownsville,25.9018,-97.4975,23.73,82,2,4.36,2021-11-21 03:00:00
Brownsville,25.9018,-97.4975,23.92,85,23,2.53,2021-11-22 03:00:00
Peoria,40.7667,-89.7668,6.81,59,93,6.19,2021-11-18 03:00:00
Peoria,40.7667,-89.7668,-0.95,59,0,3.01,2021-11-19 03:00:00
Peoria,40.7667,-89.7668,2.81,52,100,5.6,2021-11-20 03:00:00
Peoria,40.7667,-89.7668,7.69,56,100,2.96,2021-11-21 03:00:00
Peoria,40.7667,-89.7668,4.58,68,23,6.63,2021-11-22 03:00:00
Fort Lauderdale,26.1223,-80.1434,25.56,71,93,6.89,2021-11-18 03:00:00
Fort Lauderdale,26.1223,-80.1434,23.89,81,100,3.37,2021-11-19 03:00:00
Fort Lauderdale,26.1223,-80.1434,24.21,67,100,8.58,2021-11-20 03:00:00
Fort Lauderdale,26.1223,-80.1434,24.09,78,100,7.32,2021-11-21 03:00:00
Fort Lauderdale,26.1223,-80.1434,24.25,82,7,3.59,2021-11-22 03:00:00
Shreveport,32.5251,-93.7502,22.22,66,7,4.18,2021-11-18 03:00:00
Shreveport,32.5251,-93.7502,11.03,33,6,3.82,2021-11-19 03:00:00
Shreveport,32.5251,-93.7502,11.22,34,6,2.68,2021-11-20 03:00:00
Shreveport,32.5251,-93.7502,17.07,78,99,3.65,2021-11-21 03:00:00
Shreveport,32.5251,-93.7502,14.24,85,100,4.71,2021-11-22 03:00:00
Newport News,36.9788,-76.428,16.34,70,14,4.95,2021-11-18 03:00:00
Newport News,36.9788,-76.428,17.57,79,9,5.96,2021-11-19 03:00:00
Newport News,36.9788,-76.428,7.48,48,1,5.12,2021-11-20 03:00:00
Newport News,36.9788,-76.428,9.92,67,97,1.88,2021-11-21 03:00:00
Newport News,36.9788,-76.428,14.25,87,100,3.11,2021-11-22 03:00:00
Providence,41.824,-71.4128,11.16,80,93,4.25,2021-11-18 03:00:00
Providence,41.824,-71.4128,15.6,82,86,5.4,2021-11-19 03:00:00
Providence,41.824,-71.4128,2.87,62,6,3.8,2021-11-20 03:00:00
Providence,41.824,-71.4128,3.66,62,100,1.79,2021-11-21 03:00:00
Providence,41.824,-71.4128,12.19,81,100,4.09,2021-11-22 03:00:00
Elk Grove,38.4088,-121.3716,13.95,72,14,1.52,2021-11-18 03:00:00
Elk Grove,38.4088,-121.3716,13.82,66,100,0.94,2021-11-19 03:00:00
Elk Grove,38.4088,-121.3716,12.46,84,97,1.9,2021-11-20 03:00:00
Elk Grove,38.4088,-121.3716,11.8,57,0,2.71,2021-11-21 03:00:00
Elk Grove,38.4088,-121.3716,11.56,50,0,1.8,2021-11-22 03:00:00
Rancho Cucamonga,34.1064,-117.5931,19.89,43,46,0.5,2021-11-18 03:00:00
Rancho Cucamonga,34.1064,-117.5931,18.77,40,97,1.32,2021-11-19 03:00:00
Rancho Cucamonga,34.1064,-117.5931,17.07,50,89,1.57,2021-11-20 03:00:00
Rancho Cucamonga,34.1064,-117.5931,18.08,37,49,1.96,2021-11-21 03:00:00
Rancho Cucamonga,34.1064,-117.5931,17.64,23,52,3.94,2021-11-22 03:00:00
Salem,11.65,78.1667,23.81,95,100,1.78,2021-11-18 03:00:00
Salem,11.65,78.1667,24.31,80,90,1.66,2021-11-19 03:00:00
Salem,11.65,78.1667,24.7,86,26,0.78,2021-11-20 03:00:00
Salem,11.65,78.1667,25.16,85,65,0.8,2021-11-21 03:00:00
Salem,11.65,78.1667,25.33,86,18,0.8,2021-11-22 03:00:00
Pembroke Pines,26.0032,-80.2239,25.49,73,93,6.86,2021-11-18 03:00:00
Pembroke Pines,26.0032,-80.2239,23.99,80,100,3.41,2021-11-19 03:00:00
Pembroke Pines,26.0032,-80.2239,24.06,67,100,8.15,2021-11-20 03:00:00
Pembroke Pines,26.0032,-80.2239,23.94,79,100,6.7,2021-11-21 03:00:00
Pembroke Pines,26.0032,-80.2239,24.27,81,0,3.19,2021-11-22 03:00:00
Santa Rosa,14.3122,121.1114,30.89,66,92,4.34,2021-11-18 03:00:00
Santa Rosa,14.3122,121.1114,29.9,63,89,1.15,2021-11-19 03:00:00
Santa Rosa,14.3122,121.1114,30.44,60,84,1.81,2021-11-20 03:00:00
Santa Rosa,14.3122,121.1114,31.19,60,94,2.41,2021-11-21 03:00:00
Santa Rosa,14.3122,121.1114,30.41,63,10,1.27,2021-11-22 03:00:00
Eugene,44.0521,-123.0867,6.58,82,93,0.55,2021-11-18 03:00:00
Eugene,44.0521,-123.0867,7.82,95,100,0.44,2021-11-19 03:00:00
Eugene,44.0521,-123.0867,6.86,90,90,1.38,2021-11-20 03:00:00
Eugene,44.0521,-123.0867,4.32,90,41,0.86,2021-11-21 03:00:00
Eugene,44.0521,-123.0867,4.08,90,100,0.27,2021-11-22 03:00:00
Oceanside,33.1959,-117.3795,17.73,75,15,0.67,2021-11-18 03:00:00
Oceanside,33.1959,-117.3795,15.84,80,100,1.31,2021-11-19 03:00:00
Oceanside,33.1959,-117.3795,15.52,77,100,1.4,2021-11-20 03:00:00
Oceanside,33.1959,-117.3795,15.67,72,79,1.29,2021-11-21 03:00:00
Oceanside,33.1959,-117.3795,19.45,31,100,3.79,2021-11-22 03:00:00
Cary,35.7915,-78.7811,14.44,60,1,3.67,2021-11-18 03:00:00
Cary,35.7915,-78.7811,16.58,73,35,3.06,2021-11-19 03:00:00
Cary,35.7915,-78.7811,5.45,41,0,2.73,2021-11-20 03:00:00
Cary,35.7915,-78.7811,5.91,56,66,1.09,2021-11-21 03:00:00
Cary,35.7915,-78.7811,10.7,82,100,2.05,2021-11-22 03:00:00
Fort Collins,40.5853,-105.0844,-0.27,45,1,1.62,2021-11-18 03:00:00
Fort Collins,40.5853,-105.0844,3.3,21,85,1.35,2021-11-19 03:00:00
Fort Collins,40.5853,-105.0844,7.17,37,40,1.26,2021-11-20 03:00:00
Fort Collins,40.5853,-105.0844,7.47,52,100,4.13,2021-11-21 03:00:00
Fort Collins,40.5853,-105.0844,6.32,26,64,2.38,2021-11-22 03:00:00
Corona,33.8753,-117.5664,19.59,53,21,0.35,2021-11-18 03:00:00
Corona,33.8753,-117.5664,18.26,56,99,1.07,2021-11-19 03:00:00
Corona,33.8753,-117.5664,17.41,56,98,1.38,2021-11-20 03:00:00
Corona,33.8753,-117.5664,17.72,47,40,0.98,2021-11-21 03:00:00
Corona,33.8753,-117.5664,18.75,20,69,3.18,2021-11-22 03:00:00
Enterprise,36.0252,-115.2419,17.31,20,17,1.21,2021-11-18 03:00:00
Enterprise,36.0252,-115.2419,13.7,17,100,0.32,2021-11-19 03:00:00
Enterprise,36.0252,-115.2419,13.92,25,90,0.68,2021-11-20 03:00:00
Enterprise,36.0252,-115.2419,15.06,28,70,3.05,2021-11-21 03:00:00
Enterprise,36.0252,-115.2419,13.27,21,0,2.75,2021-11-22 03:00:00
Garden Grove,33.7739,-117.9415,18.79,65,17,1.75,2021-11-18 03:00:00
Garden Grove,33.7739,-117.9415,18.15,65,100,1.47,2021-11-19 03:00:00
Garden Grove,33.7739,-117.9415,17.76,61,100,1.52,2021-11-20 03:00:00
Garden Grove,33.7739,-117.9415,18.14,56,52,1.43,2021-11-21 03:00:00
Garden Grove,33.7739,-117.9415,22.17,18,70,5.15,2021-11-22 03:00:00
Springfield,37.2153,-93.2982,7.88,61,93,5.41,2021-11-18 03:00:00
Springfield,37.2153,-93.2982,1.66,43,2,1.47,2021-11-19 03:00:00
Springfield,37.2153,-93.2982,5.99,47,100,4.97,2021-11-20 03:00:00
Springfield,37.2153,-93.2982,9.91,68,100,5.64,2021-11-21 03:00:00
Springfield,37.2153,-93.2982,5.16,77,0,4.29,2021-11-22 03:00:00
Clarksville,36.5298,-87.3595,18.47,71,93,4.84,2021-11-18 03:00:00
Clarksville,36.5298,-87.3595,2.9,50,0,2.16,2021-11-19 03:00:00
Clarksville,36.5298,-87.3595,2.73,63,100,2.62,2021-11-20 03:00:00
Clarksville,36.5298,-87.3595,9.89,69,100,4.85,2021-11-21 03:00:00
Clarksville,36.5298,-87.3595,12.47,96,100,4.2,2021-11-22 03:00:00
Bayamon,18.3986,-66.1557,26.51,81,51,6.61,2021-11-18 03:00:00
Bayamon,18.3986,-66.1557,25.02,87,71,4.77,2021-11-19 03:00:00
Bayamon,18.3986,-66.1557,24.7,83,77,2.65,2021-11-20 03:00:00
Bayamon,18.3986,-66.1557,24.52,87,36,2.51,2021-11-21 03:00:00
Bayamon,18.3986,-66.1557,23.86,82,40,2.03,2021-11-22 03:00:00
Lakewood,39.7047,-105.0814,1.47,42,13,2.09,2021-11-18 03:00:00
Lakewood,39.7047,-105.0814,6.27,12,42,2.11,2021-11-19 03:00:00
Lakewood,39.7047,-105.0814,9.75,31,95,1.95,2021-11-20 03:00:00
Lakewood,39.7047,-105.0814,5.95,69,100,1.09,2021-11-21 03:00:00
Lakewood,39.7047,-105.0814,6.56,30,4,2.63,2021-11-22 03:00:00
Alexandria,31.2156,29.9553,20.52,73,11,4.4,2021-11-18 03:00:00
Alexandria,31.2156,29.9553,20.57,56,42,6.48,2021-11-19 03:00:00
Alexandria,31.2156,29.9553,19.1,69,100,6.2,2021-11-20 03:00:00
Alexandria,31.2156,29.9553,18.43,62,80,6.34,2021-11-21 03:00:00
Alexandria,31.2156,29.9553,18.64,65,25,1.57,2021-11-22 03:00:00
Hayward,37.6688,-122.0808,16.17,56,31,1.24,2021-11-18 03:00:00
Hayward,37.6688,-122.0808,14.64,63,100,0.93,2021-11-19 03:00:00
Hayward,37.6688,-122.0808,12.22,85,40,0.71,2021-11-20 03:00:00
Hayward,37.6688,-122.0808,13.04,47,0,1.28,2021-11-21 03:00:00
Hayward,37.6688,-122.0808,12.87,57,0,1.65,2021-11-22 03:00:00
Murfreesboro,35.8456,-86.3903,17.6,71,73,5.12,2021-11-18 03:00:00
Murfreesboro,35.8456,-86.3903,3.36,69,1,2.01,2021-11-19 03:00:00
Murfreesboro,35.8456,-86.3903,2.94,64,79,1.71,2021-11-20 03:00:00
Murfreesboro,35.8456,-86.3903,8.24,54,98,4.36,2021-11-21 03:00:00
Murfreesboro,35.8456,-86.3903,14.34,95,100,5.71,2021-11-22 03:00:00
Killeen,31.1171,-97.7278,20.67,54,5,7.72,2021-11-18 03:00:00
Killeen,31.1171,-97.7278,9.83,31,92,3.87,2021-11-19 03:00:00
Killeen,31.1171,-97.7278,11.56,61,4,3.91,2021-11-20 03:00:00
Killeen,31.1171,-97.7278,19.23,80,99,6.28,2021-11-21 03:00:00
Killeen,31.1171,-97.7278,13.46,45,93,5.05,2021-11-22 03:00:00
Hollywood,34.0983,-118.3267,18.4,64,15,1.3,2021-11-18 03:00:00
Hollywood,34.0983,-118.3267,18.38,55,98,0.94,2021-11-19 03:00:00
Hollywood,34.0983,-118.3267,17.66,56,100,0.93,2021-11-20 03:00:00
Hollywood,34.0983,-118.3267,18.29,45,67,1.03,2021-11-21 03:00:00
Hollywood,34.0983,-118.3267,20.24,19,31,3.29,2021-11-22 03:00:00
Lancaster,40.2504,-76.2499,7.13,87,13,1.12,2021-11-18 03:00:00
Lancaster,40.2504,-76.2499,6.8,79,100,6.28,2021-11-19 03:00:00
Lancaster,40.2504,-76.2499,1.07,72,89,3.14,2021-11-20 03:00:00
Lancaster,40.2504,-76.2499,1.71,75,100,2.09,2021-11-21 03:00:00
Lancaster,40.2504,-76.2499,9.34,87,100,6.37,2021-11-22 03:00:00
Salinas,36.6777,-121.6555,15.53,66,33,0.25,2021-11-18 03:00:00
Salinas,36.6777,-121.6555,12.6,79,100,0.74,2021-11-19 03:00:00
Salinas,36.6777,-121.6555,13.15,92,100,0.14,2021-11-20 03:00:00
Salinas,36.6777,-121.6555,12.93,60,0,1.69,2021-11-21 03:00:00
Salinas,36.6777,-121.6555,14.36,51,0,2.3,2021-11-22 03:00:00
Jackson,42.4165,-122.8345,8.39,58,31,1.66,2021-11-18 03:00:00
Jackson,42.4165,-122.8345,8.81,85,100,1.07,2021-11-19 03:00:00
Jackson,42.4165,-122.8345,7.84,90,98,1.24,2021-11-20 03:00:00
Jackson,42.4165,-122.8345,4.5,80,48,1.12,2021-11-21 03:00:00
Jackson,42.4165,-122.8345,6.36,57,1,1.63,2021-11-22 03:00:00
Midland,31.9974,-102.0779,14.23,31,34,10.21,2021-11-18 03:00:00
Midland,31.9974,-102.0779,7.48,27,0,3.64,2021-11-19 03:00:00
Midland,31.9974,-102.0779,12.43,54,11,6.64,2021-11-20 03:00:00
Midland,31.9974,-102.0779,15.65,57,73,5.92,2021-11-21 03:00:00
Midland,31.9974,-102.0779,11.89,37,100,3.15,2021-11-22 03:00:00
Macon County,39.8667,-88.9668,7.53,74,91,5.11,2021-11-18 03:00:00
Macon County,39.8667,-88.9668,0.97,52,0,3.83,2021-11-19 03:00:00
Macon County,39.8667,-88.9668,3.1,50,100,5.01,2021-11-20 03:00:00
Macon County,39.8667,-88.9668,7.83,55,100,3.63,2021-11-21 03:00:00
Macon County,39.8667,-88.9668,5.0,73,0,4.18,2021-11-22 03:00:00
Kansas City,39.0997,-94.5786,7.87,37,52,4.39,2021-11-18 03:00:00
Kansas City,39.0997,-94.5786,2.31,36,43,1.16,2021-11-19 03:00:00
Kansas City,39.0997,-94.5786,7.82,43,100,5.88,2021-11-20 03:00:00
Kansas City,39.0997,-94.5786,10.57,75,100,1.75,2021-11-21 03:00:00
Kansas City,39.0997,-94.5786,5.68,67,9,3.04,2021-11-22 03:00:00
Palmdale,34.5794,-118.1165,17.86,23,20,2.17,2021-11-18 03:00:00
Palmdale,34.5794,-118.1165,14.5,38,100,2.28,2021-11-19 03:00:00
Palmdale,34.5794,-118.1165,13.48,47,87,3.51,2021-11-20 03:00:00
Palmdale,34.5794,-118.1165,13.92,35,74,3.25,2021-11-21 03:00:00
Palmdale,34.5794,-118.1165,12.32,28,82,5.02,2021-11-22 03:00:00
Sunnyvale,37.3688,-122.0363,16.95,54,24,0.7,2021-11-18 03:00:00
Sunnyvale,37.3688,-122.0363,14.92,63,100,0.84,2021-11-19 03:00:00
Sunnyvale,37.3688,-122.0363,12.58,80,64,1.15,2021-11-20 03:00:00
Sunnyvale,37.3688,-122.0363,13.36,45,0,1.07,2021-11-21 03:00:00
Sunnyvale,37.3688,-122.0363,14.06,57,0,0.77,2021-11-22 03:00:00
Springfield,37.2153,-93.2982,7.88,61,93,5.41,2021-11-18 03:00:00
Springfield,37.2153,-93.2982,1.66,43,2,1.47,2021-11-19 03:00:00
Springfield,37.2153,-93.2982,5.99,47,100,4.97,2021-11-20 03:00:00
Springfield,37.2153,-93.2982,9.91,68,100,5.64,2021-11-21 03:00:00
Springfield,37.2153,-93.2982,5.16,77,0,4.29,2021-11-22 03:00:00
Escondido,33.1192,-117.0864,17.01,72,15,0.53,2021-11-18 03:00:00
Escondido,33.1192,-117.0864,15.33,70,100,0.59,2021-11-19 03:00:00
Escondido,33.1192,-117.0864,14.19,75,100,0.52,2021-11-20 03:00:00
Escondido,33.1192,-117.0864,14.3,67,88,0.94,2021-11-21 03:00:00
Escondido,33.1192,-117.0864,17.68,22,100,3.89,2021-11-22 03:00:00
Pomona,34.0553,-117.7523,19.75,48,21,0.57,2021-11-18 03:00:00
Pomona,34.0553,-117.7523,18.96,48,95,1.35,2021-11-19 03:00:00
Pomona,34.0553,-117.7523,17.71,51,92,1.31,2021-11-20 03:00:00
Pomona,34.0553,-117.7523,18.58,41,36,0.95,2021-11-21 03:00:00
Pomona,34.0553,-117.7523,19.33,20,46,3.25,2021-11-22 03:00:00
Bellevue,47.6104,-122.2007,6.04,67,34,1.36,2021-11-18 03:00:00
Bellevue,47.6104,-122.2007,5.05,96,100,1.83,2021-11-19 03:00:00
Bellevue,47.6104,-122.2007,4.97,88,38,0.76,2021-11-20 03:00:00
Bellevue,47.6104,-122.2007,5.75,85,100,1.34,2021-11-21 03:00:00
Bellevue,47.6104,-122.2007,5.21,83,100,0.96,2021-11-22 03:00:00
Surprise,33.6306,-112.3332,22.86,20,4,0.13,2021-11-18 03:00:00
Surprise,33.6306,-112.3332,21.7,16,93,2.33,2021-11-19 03:00:00
Surprise,33.6306,-112.3332,21.14,19,100,1.37,2021-11-20 03:00:00
Surprise,33.6306,-112.3332,20.45,19,100,1.94,2021-11-21 03:00:00
Surprise,33.6306,-112.3332,20.43,14,99,5.46,2021-11-22 03:00:00
Naperville,41.7859,-88.1473,7.02,62,93,5.58,2021-11-18 03:00:00
Naperville,41.7859,-88.1473,-0.59,51,6,4.87,2021-11-19 03:00:00
Naperville,41.7859,-88.1473,0.87,56,100,4.27,2021-11-20 03:00:00
Naperville,41.7859,-88.1473,5.63,62,99,2.19,2021-11-21 03:00:00
Naperville,41.7859,-88.1473,3.34,62,52,6.52,2021-11-22 03:00:00
Pasadena,29.6911,-95.2091,23.27,78,14,2.91,2021-11-18 03:00:00
Pasadena,29.6911,-95.2091,16.17,62,100,4.76,2021-11-19 03:00:00
Pasadena,29.6911,-95.2091,15.44,59,0,2.31,2021-11-20 03:00:00
Pasadena,29.6911,-95.2091,19.5,80,59,3.24,2021-11-21 03:00:00
Pasadena,29.6911,-95.2091,19.57,81,80,4.69,2021-11-22 03:00:00
Denton,33.2001,-97.1336,16.44,42,5,8.5,2021-11-18 03:00:00
Denton,33.2001,-97.1336,8.04,32,0,3.73,2021-11-19 03:00:00
Denton,33.2001,-97.1336,11.45,36,84,4.34,2021-11-20 03:00:00
Denton,33.2001,-97.1336,19.88,71,100,9.29,2021-11-21 03:00:00
Denton,33.2001,-97.1336,13.41,38,100,5.46,2021-11-22 03:00:00
Roseville,38.7521,-121.288,13.68,75,2,1.23,2021-11-18 03:00:00
Roseville,38.7521,-121.288,13.67,67,100,0.84,2021-11-19 03:00:00
Roseville,38.7521,-121.288,12.67,80,91,1.68,2021-11-20 03:00:00
Roseville,38.7521,-121.288,11.74,66,0,2.05,2021-11-21 03:00:00
Roseville,38.7521,-121.288,11.6,58,0,1.18,2021-11-22 03:00:00
Joliet,41.525,-88.0817,7.71,68,93,5.49,2021-11-18 03:00:00
Joliet,41.525,-88.0817,0.0,50,6,5.03,2021-11-19 03:00:00
Joliet,41.525,-88.0817,1.02,58,100,4.14,2021-11-20 03:00:00
Joliet,41.525,-88.0817,6.55,61,100,2.5,2021-11-21 03:00:00
Joliet,41.525,-88.0817,4.21,62,18,6.08,2021-11-22 03:00:00
Thornton,39.868,-104.9719,0.87,39,13,3.3,2021-11-18 03:00:00
Thornton,39.868,-104.9719,4.62,12,68,0.95,2021-11-19 03:00:00
Thornton,39.868,-104.9719,10.06,27,80,1.42,2021-11-20 03:00:00
Thornton,39.868,-104.9719,6.22,57,79,1.19,2021-11-21 03:00:00
Thornton,39.868,-104.9719,6.47,28,10,2.17,2021-11-22 03:00:00
McAllen,26.2034,-98.23,25.8,69,2,5.71,2021-11-18 03:00:00
McAllen,26.2034,-98.23,16.95,57,100,6.63,2021-11-19 03:00:00
McAllen,26.2034,-98.23,19.53,73,13,3.63,2021-11-20 03:00:00
McAllen,26.2034,-98.23,23.07,81,18,4.4,2021-11-21 03:00:00
McAllen,26.2034,-98.23,24.65,77,31,3.45,2021-11-22 03:00:00
Paterson,40.9168,-74.1718,10.7,89,30,2.0,2021-11-18 03:00:00
Paterson,40.9168,-74.1718,10.33,81,100,5.71,2021-11-19 03:00:00
Paterson,40.9168,-74.1718,3.84,67,16,3.31,2021-11-20 03:00:00
Paterson,40.9168,-74.1718,5.74,60,100,2.5,2021-11-21 03:00:00
Paterson,40.9168,-74.1718,11.23,84,100,3.55,2021-11-22 03:00:00
Rockford,42.2711,-89.094,6.18,46,88,5.58,2021-11-18 03:00:00
Rockford,42.2711,-89.094,-1.6,55,6,5.25,2021-11-19 03:00:00
Rockford,42.2711,-89.094,1.27,54,100,6.48,2021-11-20 03:00:00
Rockford,42.2711,-89.094,6.25,62,100,2.52,2021-11-21 03:00:00
Rockford,42.2711,-89.094,0.18,40,76,7.98,2021-11-22 03:00:00
Carrollton,32.9537,-96.8903,17.87,43,29,7.56,2021-11-18 03:00:00
Carrollton,32.9537,-96.8903,10.41,29,0,3.7,2021-11-19 03:00:00
Carrollton,32.9537,-96.8903,13.38,33,64,4.13,2021-11-20 03:00:00
Carrollton,32.9537,-96.8903,20.4,69,100,7.44,2021-11-21 03:00:00
Carrollton,32.9537,-96.8903,14.53,39,100,5.05,2021-11-22 03:00:00
Bridgeport,41.167,-73.2048,12.89,85,82,4.46,2021-11-18 03:00:00
Bridgeport,41.167,-73.2048,12.49,78,98,7.72,2021-11-19 03:00:00
Bridgeport,41.167,-73.2048,4.4,64,6,4.82,2021-11-20 03:00:00
Bridgeport,41.167,-73.2048,6.84,59,100,3.44,2021-11-21 03:00:00
Bridgeport,41.167,-73.2048,12.44,84,100,4.83,2021-11-22 03:00:00
Miramar,25.9873,-80.2323,25.48,73,93,6.86,2021-11-18 03:00:00
Miramar,25.9873,-80.2323,24.0,80,100,3.42,2021-11-19 03:00:00
Miramar,25.9873,-80.2323,24.07,67,100,8.11,2021-11-20 03:00:00
Miramar,25.9873,-80.2323,23.93,79,100,6.63,2021-11-21 03:00:00
Miramar,25.9873,-80.2323,24.28,81,0,3.16,2021-11-22 03:00:00
Round Rock,30.5083,-97.6789,21.99,69,4,1.37,2021-11-18 03:00:00
Round Rock,30.5083,-97.6789,10.98,32,39,4.77,2021-11-19 03:00:00
Round Rock,30.5083,-97.6789,13.03,62,1,3.39,2021-11-20 03:00:00
Round Rock,30.5083,-97.6789,20.62,73,100,5.85,2021-11-21 03:00:00
Round Rock,30.5083,-97.6789,14.01,51,100,6.32,2021-11-22 03:00:00
Metairie,29.9841,-90.1528,21.36,76,18,4.99,2021-11-18 03:00:00
Metairie,29.9841,-90.1528,15.83,80,73,7.07,2021-11-19 03:00:00
Metairie,29.9841,-90.1528,15.21,55,0,3.98,2021-11-20 03:00:00
Metairie,29.9841,-90.1528,17.9,94,3,3.71,2021-11-21 03:00:00
Metairie,29.9841,-90.1528,19.55,87,100,2.64,2021-11-22 03:00:00
Olathe,38.8814,-94.8191,7.28,40,39,3.95,2021-11-18 03:00:00
Olathe,38.8814,-94.8191,2.34,34,61,1.1,2021-11-19 03:00:00
Olathe,38.8814,-94.8191,7.47,45,100,6.6,2021-11-20 03:00:00
Olathe,38.8814,-94.8191,10.53,76,100,2.31,2021-11-21 03:00:00
Olathe,38.8814,-94.8191,5.27,68,6,3.11,2021-11-22 03:00:00
Waco,31.5493,-97.1467,21.56,53,12,7.42,2021-11-18 03:00:00
Waco,31.5493,-97.1467,9.47,34,62,4.01,2021-11-19 03:00:00
Waco,31.5493,-97.1467,11.21,56,10,3.87,2021-11-20 03:00:00
Waco,31.5493,-97.1467,20.18,73,100,6.85,2021-11-21 03:00:00
Waco,31.5493,-97.1467,14.64,43,96,5.74,2021-11-22 03:00:00
